# Blender 4.1.0
# www.blender.org
mtllib Snake.mtl
o Regroup18
v -12.468780 0.358395 36.108822
v -12.755019 0.322451 35.804749
v -12.874268 0.656113 36.091000
v -13.237675 0.447016 36.353264
v -12.755022 0.322460 36.377060
v -12.272055 0.203338 35.798805
v -12.272056 0.203341 36.401020
v -11.950032 0.239133 36.287739
v -13.233065 0.220250 36.383080
v -11.968032 0.084227 36.251919
v -11.968028 0.084210 36.007553
v -12.272036 0.018605 36.389011
v -12.760674 0.018429 35.757103
v -12.272035 0.018602 35.828629
v -12.760677 0.018437 36.406895
v -13.237670 0.447005 35.810741
v -13.233062 0.220375 35.798615
v -13.170807 0.076707 35.840237
v -13.170658 0.076473 36.353138
v -13.551587 0.037025 35.880531
v -11.950024 0.239120 36.007553
v -13.550417 0.035045 36.310871
v -13.710241 0.088948 36.095760
v -12.874268 0.656114 37.605690
v -12.755017 0.322447 37.891941
v -12.468779 0.358398 37.581871
v -12.755020 0.322464 37.319633
v -13.237678 0.447019 37.343430
v -12.272046 0.203327 37.897888
v -11.950030 0.239140 37.408958
v -12.272056 0.203351 37.295670
v -13.233291 0.220205 37.313610
v -11.968023 0.084205 37.689140
v -11.968030 0.084232 37.444778
v -12.272035 0.018620 37.307682
v -12.272028 0.018586 37.868065
v -12.760665 0.018426 37.939587
v -12.760679 0.018444 37.289795
v -13.232798 0.220384 37.898048
v -13.237667 0.447006 37.885952
v -13.551783 0.037048 37.816090
v -13.171078 0.076363 37.343548
v -13.170245 0.076772 37.850594
v -11.950024 0.239118 37.689140
v -13.549997 0.034660 37.385731
v -13.710145 0.088719 37.600842
v -12.851836 0.941971 36.040741
v -12.566336 1.948568 36.270954
v -13.266585 0.803944 36.345509
v -12.869539 2.420423 35.561005
v -12.967346 2.031363 35.582176
v -13.417034 2.104801 35.655315
v -13.177520 0.075011 36.352943
v -13.239576 0.219196 36.383003
v -13.542959 0.030129 36.311081
v -13.416207 2.098670 36.416969
v -13.599714 2.134059 36.069530
v -13.529388 1.103508 36.174397
v -13.239557 0.219989 35.798058
v -13.542916 0.030936 35.881050
v -13.239079 0.445290 35.810310
v -13.619368 0.675246 35.912663
v -13.714569 0.367967 36.090672
v -13.619403 0.672694 36.260262
v -12.855935 0.599069 36.091522
v -13.269884 0.802701 35.751801
v -12.566750 1.951981 35.845135
v -13.239059 0.444366 36.353519
v -13.177403 0.075683 35.839775
v -13.709951 0.088609 36.095776
v -13.529607 1.105796 35.886494
v -12.855247 2.406187 36.555347
v -13.453183 2.552081 36.161224
v -13.267405 0.803735 37.351025
v -12.566295 1.948236 37.425507
v -12.851806 0.941643 37.655720
v -13.416988 2.104468 38.041145
v -12.967306 2.031032 38.114281
v -12.870309 2.420279 38.135391
v -13.543821 0.030616 37.385578
v -13.241079 0.218889 37.313660
v -13.179643 0.074498 37.343761
v -13.529362 1.103181 37.522064
v -13.599668 2.133727 37.626926
v -13.416161 2.098338 37.279491
v -13.238802 0.445566 37.886257
v -13.542176 0.030342 37.815540
v -13.238122 0.220029 37.898476
v -13.619386 0.672441 37.436237
v -13.714575 0.367826 37.605900
v -13.619374 0.674935 37.783836
v -12.855943 0.598897 37.605003
v -13.269008 0.802362 37.944660
v -12.566709 1.951650 37.851326
v -13.239334 0.443761 37.343063
v -13.175427 0.075940 37.850937
v -13.709982 0.088530 37.600838
v -13.529577 1.105469 37.809971
v -12.854019 2.405248 37.141224
v -13.453163 2.551664 37.535240
v -13.260627 2.845732 36.223450
v -13.242823 3.243492 36.295799
v -13.160498 2.886000 35.894421
v -12.389417 2.426875 36.292351
v -12.550369 2.441444 35.891022
v -12.788849 2.935575 35.733513
v -12.450225 2.934592 35.830074
v -12.841477 2.906055 36.548523
v -12.492953 3.058544 36.475067
v -12.161018 3.307505 36.164570
v -12.282516 2.748026 36.121368
v -13.121736 3.237928 35.813965
v -13.160605 2.886164 37.802029
v -13.241947 3.243480 37.400757
v -13.260672 2.845491 37.473011
v -12.388565 2.426976 37.404171
v -12.450200 2.933994 37.866405
v -12.788893 2.935930 37.962944
v -12.554379 2.439828 37.805141
v -12.841341 2.906249 37.147964
v -12.492147 3.056532 37.215466
v -12.282193 2.748258 37.575115
v -12.160456 3.305515 37.531986
v -13.121976 3.236417 37.882519
v -12.500415 4.294445 35.520935
v -12.939143 4.229536 35.514256
v -13.041456 5.258458 35.530750
v -12.774661 5.296660 35.572697
v -12.424480 5.344373 36.058388
v -12.392814 5.124762 36.692802
v -12.302374 5.210893 36.485302
v -12.390320 5.316347 36.513020
v -12.090199 4.339580 36.168495
v -13.697643 4.690912 36.377884
v -13.721274 5.143450 36.129593
v -13.383205 4.159598 35.633453
v -13.465391 4.840439 36.687855
v -13.760612 5.122766 36.392719
v -12.537789 4.247805 36.742580
v -13.207476 4.148824 36.729553
v -13.606043 4.103766 36.309853
v -12.803775 4.786283 36.779175
v -13.437146 5.189290 35.668110
v -13.041278 5.257101 38.165768
v -12.938998 4.228173 38.182259
v -12.500271 4.293083 38.175579
v -12.424299 5.343019 37.638126
v -12.774483 5.295304 38.123821
v -12.390143 5.314992 37.183491
v -12.302206 5.209536 37.211212
v -12.392646 5.123404 37.003708
v -12.090059 4.338216 37.528019
v -13.383059 4.158237 38.063061
v -13.721087 5.142096 37.566925
v -13.697482 4.689552 37.318634
v -13.760427 5.121410 37.303799
v -13.465225 4.839080 37.008663
v -12.537644 4.246441 36.953934
v -13.605896 4.102403 37.386662
v -13.207329 4.147460 36.966961
v -12.803617 4.784923 36.917339
v -13.436964 5.187934 38.028404
v -12.348563 7.930081 38.474461
v -12.540461 7.975469 38.359249
v -12.345366 8.217580 38.002289
v -12.626056 7.956849 38.107006
v -12.450843 8.341636 38.185410
v -12.377055 8.047407 37.771347
v -12.571882 7.553827 38.039413
v -12.266776 7.565519 37.879101
v -12.462944 7.675569 38.406097
v -12.032306 7.643440 38.330456
v -12.299875 8.783565 37.636196
v -12.666775 8.252668 37.837502
v -12.413853 8.294830 38.358139
v -11.879193 8.091361 38.103031
v -12.414680 8.067642 37.646843
v -12.690123 7.904838 37.771484
v -12.548008 7.824081 37.677269
v -12.796151 7.730769 37.831734
v -12.130239 8.009359 37.742664
v -12.160997 8.282248 38.283157
v -12.431264 7.674871 37.745823
v -12.835356 7.891844 37.606750
v -11.957854 8.791119 37.911339
v -12.166692 8.837733 37.848873
v -12.148129 8.669404 37.516155
v -11.945131 8.623915 37.576481
v -11.793169 8.671464 37.789780
v -12.290401 8.365833 36.224308
v -12.285048 8.746346 36.875797
v -12.154769 8.828873 36.687199
v -11.930029 8.656615 36.953030
v -12.328626 8.040823 36.710316
v -12.038759 8.016247 36.667671
v -12.131293 8.673296 37.001686
v -12.424752 7.991112 36.405975
v -12.587578 7.862977 36.475399
v -12.454395 7.946657 36.168789
v -11.778043 8.746994 36.768017
v -11.741282 8.152948 36.387589
v -12.547024 8.218744 36.507526
v -11.990820 8.340178 36.181347
v -11.945000 8.848215 36.649632
v -12.338561 7.644312 36.522678
v -12.704723 7.694178 36.202999
v -12.143011 7.549031 36.422153
v -12.288771 7.991959 35.958141
v -12.298194 8.189945 36.236069
v -12.568065 7.783575 36.443623
v -12.061930 7.964824 35.902679
v -12.860415 7.880440 36.384373
v -12.375238 7.517138 36.114281
v -11.783018 7.668216 36.090839
v -12.207604 8.267488 35.898540
v -12.120992 7.660274 35.860485
v -12.675759 7.741467 35.806534
v -12.990137 8.064484 35.512707
v -12.373957 7.978958 35.580994
v -13.263300 8.051003 36.116104
v -13.015277 8.533041 36.331623
v -12.631557 8.535254 35.536156
v -12.654170 8.654671 38.039089
v -12.907444 8.564010 38.517971
v -12.753007 8.019946 38.578499
v -13.295629 8.106639 38.364498
v -12.943566 7.783517 38.226082
v -12.553946 8.146277 37.564621
v -12.866422 8.557649 37.590691
v -13.255728 8.084837 37.666218
v -12.627846 8.632138 36.043209
v -12.663088 8.117412 36.496731
v -13.462452 9.234620 36.060032
v -13.121968 9.106676 36.097176
v -13.358413 9.230998 35.750053
v -13.666039 9.028854 35.767521
v -13.111700 9.127880 35.872116
v -13.700222 8.360531 35.391258
v -13.663201 8.747657 35.538361
v -13.484537 8.423340 35.379669
v -13.630570 8.230340 35.510632
v -12.992191 8.967171 36.103123
v -13.014203 8.714808 36.088696
v -13.082043 9.131552 37.857178
v -12.910569 8.719442 37.585037
v -12.943874 8.964689 37.590298
v -13.104748 9.104362 37.597748
v -13.931450 8.371283 38.174381
v -13.806658 8.253448 38.035309
v -13.734658 8.433693 38.262459
v -13.842731 8.749400 38.132408
v -13.426278 9.244787 37.974167
v -13.768694 9.028023 37.927860
v -13.476678 9.231694 37.625767
v -13.008140 9.159222 35.792484
v -12.896674 8.890840 35.563515
v -12.770032 8.871281 35.870426
v -12.715110 8.554977 35.508080
v -12.985871 8.965969 36.059826
v -13.255599 8.066672 36.109432
v -13.579116 8.311518 35.912392
v -13.003291 8.060714 35.516270
v -13.000463 8.581064 36.225258
v -13.417549 8.491246 36.137665
v -13.334607 8.648230 35.250004
v -12.682899 8.671917 35.968304
v -13.245935 8.506431 36.071323
v -12.872500 9.002324 37.878910
v -13.666672 8.649422 38.495998
v -12.747974 8.718737 38.117256
v -12.864152 8.616256 37.703735
v -13.310128 8.101958 38.353844
v -13.231696 8.532381 37.543255
v -13.190208 9.253008 38.109276
v -13.102151 8.918084 38.402256
v -13.103515 8.520782 37.559521
v -12.864026 8.924526 38.182053
v -13.532056 8.349587 37.687134
v -13.228892 8.111281 37.697651
v -12.991710 8.588014 38.520569
v -13.420439 8.304294 36.019226
v -13.274605 8.324541 37.582890
v -12.037889 9.301781 36.739334
v -11.913022 9.476774 36.859467
v -11.780354 9.266688 36.761337
v -11.793254 9.464296 36.873703
v -12.130737 9.395702 37.018353
v -12.105268 9.461184 37.143726
v -12.151701 9.528381 36.938519
v -11.929383 8.664712 36.955952
v -12.179025 8.817951 37.186344
v -12.130933 8.675761 37.002335
v -11.730989 9.375240 37.025524
v -11.748822 9.330243 36.916424
v -11.783043 9.504958 37.065304
v -12.253942 9.594421 37.250084
v -12.187814 9.685882 37.285084
v -12.221455 9.687653 37.116341
v -12.151842 9.295036 36.951183
v -12.155494 9.342705 36.870945
v -12.166442 9.482829 36.967533
v -12.291014 9.476610 37.043835
v -12.166580 9.027674 37.028851
v -12.269016 9.161058 36.975754
v -12.141456 9.611219 37.179283
v -12.347816 8.964649 37.046272
v -12.218976 9.093793 37.309052
v -12.308828 9.104690 37.293442
v -12.298335 8.835397 37.151775
v -12.131865 9.295332 37.357304
v -12.147152 9.330661 37.263287
v -12.339252 9.149397 37.187145
v -12.164186 9.237227 37.206776
v -12.251693 9.105875 37.149422
v -11.816839 9.226442 37.175091
v -12.034056 9.503740 36.905926
v -12.298681 9.147142 36.852051
v -11.948264 8.807917 36.638245
v -11.782290 8.763501 36.777718
v -12.165143 9.262153 36.756897
v -11.870302 9.263450 37.259907
v -11.954213 9.285652 37.214912
v -11.939573 9.546072 37.123600
v -11.990593 9.341331 37.300945
v -12.064758 9.270464 37.235306
v -12.284174 8.742153 36.874779
v -11.726379 9.252337 37.180847
v -12.062404 9.585922 37.167545
v -11.882389 9.504572 37.055611
v -11.998244 9.513886 37.121635
v -12.154919 8.815647 36.682732
v -12.222004 9.207977 36.774422
v -12.248217 9.581703 36.936176
v -11.729817 9.007347 36.857506
v -11.772166 9.220955 37.773983
v -11.911769 9.437263 37.676098
v -12.030784 9.260352 37.794727
v -11.792002 9.424782 37.661858
v -12.150448 9.488879 37.597054
v -12.104024 9.421681 37.391842
v -12.129321 9.350603 37.518749
v -12.133802 8.659343 37.524494
v -12.177420 8.797159 37.349583
v -11.942081 8.632021 37.573914
v -11.781795 9.465443 37.470257
v -11.741576 9.284335 37.618820
v -11.729745 9.335723 37.510033
v -12.220201 9.648154 37.419231
v -12.186565 9.646383 37.250488
v -12.252697 9.554925 37.285488
v -12.165192 9.443329 37.568039
v -12.149283 9.301744 37.662918
v -12.147285 9.255383 37.586403
v -12.289766 9.437117 37.491745
v -12.264087 9.123783 37.562469
v -12.161569 8.992448 37.510780
v -12.140207 9.571718 37.356289
v -12.344934 8.928259 37.494804
v -12.296657 8.811216 37.384647
v -12.304557 9.075064 37.246746
v -12.214671 9.064003 37.231323
v -12.334457 9.118578 37.354450
v -12.140597 9.298370 37.282478
v -12.125534 9.264473 37.187267
v -12.246859 9.074165 37.392052
v -12.158571 9.204573 37.337234
v -11.815605 9.186926 37.360470
v -12.032804 9.464234 37.629642
v -12.292463 9.110353 37.685596
v -11.791019 8.681996 37.783226
v -11.956350 8.787031 37.909657
v -12.157642 9.222275 37.776344
v -11.952978 9.246142 37.320652
v -11.869070 9.223938 37.275654
v -11.938326 9.506563 37.411964
v -12.063525 9.230961 37.300262
v -11.989359 9.301824 37.234619
v -12.285475 8.715413 37.659454
v -11.725142 9.212820 37.354710
v -12.061156 9.546417 37.368027
v -11.881141 9.465060 37.479954
v -11.996998 9.474380 37.413933
v -12.214399 9.169525 37.762756
v -12.163440 8.816816 37.852417
v -12.246784 9.536414 37.600983
v -11.714365 8.941933 37.686131
v -13.082902 5.565608 35.597359
v -13.050697 5.252754 35.533211
v -13.494532 5.516422 35.680199
v -12.785336 5.285336 35.575516
v -12.510372 6.693695 36.162704
v -12.313646 6.693696 36.848351
v -12.507001 6.162982 36.169239
v -13.815818 5.168610 36.404335
v -13.764750 5.634181 36.008884
v -13.746903 5.161267 36.135403
v -13.443642 5.189849 35.669788
v -13.041220 6.694882 35.979313
v -12.924558 6.173714 35.776749
v -12.434331 5.256084 36.525536
v -12.378480 5.684661 36.346279
v -12.273453 5.309233 36.848198
v -13.708755 6.693695 36.848351
v -13.931851 5.722780 36.496223
v -13.899478 5.483503 36.848351
v -12.506869 6.162643 37.527477
v -12.510373 6.693695 37.533997
v -12.893865 4.758750 36.807053
v -12.434748 5.093658 36.745243
v -12.754953 5.004342 36.792690
v -12.408204 5.035010 36.847954
v -12.748838 4.992540 36.847759
v -13.091936 5.046228 36.848072
v -13.877521 5.206009 36.577015
v -13.555861 4.870096 36.708881
v -13.690810 6.689399 36.396706
v -13.481699 6.092464 35.876400
v -13.447907 6.689403 36.076530
v -13.041121 6.694800 37.717400
v -12.461819 5.057055 36.714958
v -12.923897 6.172733 37.920029
v -13.448213 6.689143 37.620075
v -13.481935 6.091164 37.820076
v -12.755487 5.003910 36.902824
v -12.434958 5.093255 36.950726
v -12.447952 5.309122 36.064007
v -13.088752 9.525544 37.200180
v -12.915843 9.459898 37.152348
v -12.862205 9.400261 37.039074
v -13.088752 9.525544 36.496521
v -12.862205 9.400261 36.657627
v -12.915842 9.459898 36.544353
v -12.921843 9.239351 36.633812
v -12.820380 9.233351 36.848351
v -12.832382 8.929353 36.848351
v -13.291286 9.573174 37.194172
v -13.476207 9.590984 37.027267
v -13.297286 9.382444 37.247810
v -13.297286 9.382444 36.448891
v -13.106565 9.328814 36.472710
v -13.011101 9.173713 36.371445
v -13.106565 9.328814 37.223991
v -13.660929 9.221541 36.538345
v -13.476207 9.590984 36.669434
v -13.506026 9.590984 36.848351
v -13.660929 9.221541 37.158356
v -12.921843 9.239351 37.062893
v -13.291286 9.573174 36.502529
v -13.011102 9.173714 37.325256
v -12.434704 5.254926 37.170757
v -13.885150 5.213221 37.112350
v -13.558626 4.870622 36.986771
v -13.833106 5.182654 37.288700
v -13.764852 5.633796 37.687595
v -12.462134 5.056518 36.980942
v -12.895282 4.758092 36.888157
v -13.494096 5.514907 38.010365
v -13.443948 5.188640 38.026615
v -13.082201 5.565063 38.099350
v -13.932124 5.724091 37.200424
v -13.690468 6.689579 37.300068
v -13.049471 5.252179 38.163609
v -12.783764 5.285624 38.121399
v -12.378448 5.684237 37.350353
v -13.760962 5.170335 37.558014
v -12.448928 5.306490 37.632290
v -13.845847 7.987336 36.848351
v -13.762390 7.748981 36.156898
v -13.762393 7.510427 36.848351
v -12.349468 8.535892 36.848351
v -12.373280 8.446437 36.359436
v -12.462742 8.345170 36.097263
v -12.409107 8.142440 37.599438
v -12.355470 7.635707 37.325260
v -12.289831 8.172260 36.848351
v -13.762390 7.748981 37.539799
v -12.373280 8.446437 37.337269
v -12.355470 7.635707 36.371441
v -12.409107 8.142440 36.097263
v -12.242197 7.736976 36.848351
v -12.462742 8.345170 37.599438
v -12.474751 7.635706 37.581627
v -12.474751 7.635707 36.115074
v -12.754929 7.635707 35.965973
v -13.488214 9.215540 36.168705
v -13.869657 9.054434 36.323807
v -13.088749 9.090258 36.115078
v -12.886021 8.929354 36.103069
v -13.863656 9.018810 36.073448
v -13.088749 9.090258 37.581623
v -13.488214 9.215538 37.527996
v -13.863656 9.018809 37.623253
v -13.869657 9.054433 37.372894
v -12.886021 8.929353 37.593632
v -12.279078 5.905795 36.848343
v -12.730915 8.631356 37.677090
v -13.947110 8.720615 37.677090
v -13.970925 8.476256 37.271629
v -12.754929 7.635706 37.730728
v -12.778748 8.374990 37.766350
v -13.893475 8.285533 37.778355
v -12.856194 7.927899 37.969078
v -13.571667 7.790610 37.939262
v -12.880013 8.166252 37.897636
v -13.643116 8.166252 37.957275
v -13.571667 7.790610 35.757439
v -13.893476 8.464251 36.848351
v -13.970925 8.476257 36.425072
v -13.893475 8.285533 35.918343
v -12.880013 8.166252 35.799065
v -12.856194 7.927899 35.727623
v -13.947110 8.720617 36.019611
v -13.643116 8.166252 35.739426
v -12.778748 8.374990 35.930351
v -12.730915 8.631357 36.019611
v -13.803441 5.209324 36.848194
v -13.184010 8.249707 35.644165
v -13.184010 8.249707 38.052536
v -12.820380 9.316806 36.848351
v -12.862205 9.400265 37.039074
v -12.850196 9.418273 37.039074
v -13.088753 9.525545 37.200180
v -13.291286 9.561167 36.538345
v -13.124378 9.686449 36.478710
v -13.088753 9.525545 36.496521
v -13.023108 9.763897 36.466900
v -13.637111 10.121727 36.848351
v -13.571670 10.103720 36.621803
v -13.506023 9.590984 36.848351
v -12.981480 9.543357 37.188171
v -12.820379 9.316811 36.848351
v -12.862205 9.400265 36.657627
v -12.850196 9.418272 36.657627
v -12.981480 9.543357 36.508530
v -13.124378 9.686449 37.217991
v -13.291286 9.561167 37.158356
v -13.267467 9.781912 37.194172
v -13.476208 9.590985 37.027267
v -13.571670 10.103720 37.074898
v -13.023108 9.763897 37.229801
v -13.386744 10.079901 36.466900
v -13.476208 9.590985 36.669434
v -13.386744 10.079901 37.229801
v -13.148391 10.008453 37.283638
v -13.112563 9.895180 37.259621
v -13.172210 9.954618 37.372894
v -13.148391 10.008453 36.413063
v -13.112563 9.895180 36.437080
v -13.136382 10.079901 36.413063
v -13.136382 10.079901 37.283638
v -12.897827 9.585180 37.205986
v -12.790561 9.406263 37.086906
v -12.695292 9.495718 37.092709
v -12.504367 9.746084 36.937805
v -12.552199 9.740078 36.997452
v -12.492564 9.644817 36.919800
v -12.605838 9.322810 36.961624
v -12.534194 9.519536 36.848351
v -12.552199 9.495718 36.907990
v -12.528388 9.388453 36.848351
v -12.570010 10.038277 37.164356
v -12.695292 10.056088 37.229801
v -12.617640 9.954618 37.158356
v -12.593829 9.489718 36.997452
v -12.587825 9.596985 37.009254
v -12.498565 9.889177 36.943813
v -12.564010 9.841548 37.074898
v -12.969470 9.781911 37.247810
v -13.130378 10.103720 37.378895
v -13.100558 10.151348 37.319260
v -12.981479 10.085909 37.289440
v -12.802566 9.930807 37.235802
v -13.172210 9.954618 36.323807
v -12.498565 9.549355 36.848351
v -12.510375 9.549355 36.919800
v -13.070739 9.787714 37.307449
v -12.564010 9.394257 36.967625
v -12.671481 9.328817 36.848351
v -12.576018 9.316811 36.848351
v -12.605838 9.883171 37.134537
v -12.379291 9.722266 36.878170
v -12.498565 9.799721 36.943813
v -12.522384 9.602992 36.919800
v -12.504367 9.602991 36.848351
v -12.355472 9.775904 36.878170
v -12.361480 9.722265 36.848351
v -12.432925 9.984436 36.878170
v -12.409106 10.008452 36.848351
v -12.450736 10.008451 36.913994
v -12.480556 10.026270 37.068893
v -12.474753 9.650621 36.848351
v -12.486556 9.704258 36.848351
v -12.492564 9.960627 37.051083
v -12.420920 9.984436 36.848351
v -12.343463 9.775904 36.848351
v -12.587825 9.596985 36.687447
v -12.593829 9.489718 36.699249
v -12.695292 9.495718 36.603992
v -13.130378 10.103720 36.317806
v -13.100558 10.151348 36.377441
v -12.355472 9.775904 36.818531
v -12.498565 9.889177 36.752888
v -12.432925 9.984436 36.818531
v -12.981479 10.085909 36.407261
v -12.546199 9.960627 36.633808
v -12.593829 9.900989 36.574173
v -12.587825 10.008452 36.562164
v -12.522384 9.602992 36.776901
v -12.492564 9.644817 36.776901
v -12.510375 9.549355 36.776901
v -12.695292 10.056088 36.466900
v -12.480556 10.026271 36.633808
v -12.528388 10.020264 36.711258
v -12.534194 10.026271 36.627808
v -12.564010 9.394257 36.729076
v -12.498565 9.799721 36.752888
v -12.552199 9.740078 36.699249
v -12.552199 9.495718 36.788712
v -12.570010 10.038277 36.532345
v -12.790561 9.406263 36.609795
v -12.897827 9.585180 36.490715
v -12.605838 9.322810 36.735077
v -12.546199 9.990444 36.764896
v -12.534194 9.966625 36.711258
v -12.528388 9.960627 36.764896
v -12.969470 9.781911 36.448891
v -12.379291 9.722266 36.818531
v -12.802566 9.930807 36.460899
v -13.070739 9.787714 36.389252
v -12.504367 9.746084 36.758896
v -12.426921 10.348274 36.931805
v -12.444934 10.383898 36.741085
v -12.456737 10.360086 36.848351
v -12.403106 10.360086 36.806526
v -12.385295 10.193176 36.937805
v -12.367282 10.216993 36.830540
v -12.474753 10.360086 36.747086
v -12.641662 10.348274 36.508530
v -12.582019 10.539005 36.454891
v -12.492564 10.360086 36.645618
v -12.921844 10.425732 36.341618
v -12.772750 10.539005 36.395252
v -12.409106 10.479361 36.973633
v -12.492564 10.360086 37.051079
v -12.546199 10.515186 37.259621
v -12.570014 10.568823 37.158356
v -12.379291 10.526991 36.782707
v -12.403106 10.467354 36.955616
v -12.599830 10.711916 37.027267
v -12.546199 10.646273 37.092709
v -12.486556 10.360086 36.699249
v -13.512027 9.704260 36.520535
v -13.386744 10.079901 36.466900
v -13.190021 9.847351 36.365437
v -13.106563 9.644818 36.204533
v -13.225841 9.501726 36.305798
v -13.148390 10.008453 36.407261
v -13.166202 9.853352 37.325260
v -13.386744 10.079901 37.229801
v -13.512027 9.698458 37.176167
v -13.112563 9.644818 37.492168
v -13.225841 9.507530 37.396912
v -13.148390 10.008453 37.289440
v -13.410560 9.412271 36.466900
v -13.410560 9.412271 37.229801
v -13.690745 9.656630 36.735077
v -13.571669 10.103719 36.621803
v -13.321104 9.722267 36.353630
v -13.714561 9.191722 36.597992
v -13.231845 9.316808 36.210533
v -13.350924 9.716267 37.331264
v -13.571669 10.103719 37.074898
v -13.690746 9.656629 36.961624
v -13.231845 9.334815 37.390903
v -13.726565 9.185720 37.182167
v -13.905481 9.829542 36.872169
v -13.637110 10.121727 36.848351
v -13.565661 9.734078 36.442883
v -14.000743 9.322807 36.931805
v -13.702754 9.173716 36.526340
v -13.649115 9.757892 37.140545
v -13.851848 9.799723 36.806526
v -13.702754 9.143896 37.271629
v -13.935302 9.280980 36.818531
v -12.331657 8.655174 36.431080
v -12.391098 8.637159 36.454891
v -12.313644 8.577522 36.538345
v -12.438923 8.601538 36.287987
v -12.379288 8.011354 35.989990
v -12.468742 8.058985 35.930351
v -12.385296 7.957515 36.067436
v -12.450733 7.868256 35.882519
v -12.343460 8.953165 36.729076
v -12.373280 8.845898 36.687447
v -12.313644 8.857702 36.747086
v -12.313644 8.863709 36.657631
v -12.331657 8.571720 36.460899
v -12.403107 8.559712 36.395256
v -12.373280 8.953165 36.663631
v -12.337460 8.488264 36.490719
v -12.397099 8.559712 36.490719
v -13.225841 10.789364 36.848351
v -13.535842 10.658077 36.848351
v -13.219840 10.735729 37.134537
v -12.420920 10.545006 36.770901
v -12.450736 10.455549 36.717266
v -12.522384 10.670090 36.711258
v -12.510375 10.461353 37.110725
v -12.492564 10.360086 37.051079
v -13.261664 10.509180 37.313251
v -12.838386 10.515186 37.295441
v -12.999290 10.324261 37.295441
v -12.641662 10.348274 37.188171
v -12.874007 10.717720 37.134537
v -13.571670 10.306450 36.615803
v -13.482207 10.598642 36.609795
v -13.398757 10.318457 36.466900
v -13.261664 10.515186 36.419071
v -13.124377 10.318457 36.389252
v -12.635657 10.515186 36.442883
v -12.641662 10.348274 36.508530
v -12.874007 10.330267 36.413063
v -13.398757 10.318457 37.229801
v -13.219840 10.747540 36.580173
v -12.832385 10.777357 36.848351
v -12.874007 10.729727 36.574173
v -12.522384 10.526991 36.544353
v -12.486556 10.360086 36.699249
v -13.482207 10.598642 37.086906
v -12.564013 10.580627 36.669434
v -13.571670 10.306450 37.080898
v -12.456737 10.360086 36.848351
v -12.444934 10.425732 36.669434
v -13.637111 10.300449 36.848351
v -12.981479 10.085909 37.289440
v -12.999290 10.324261 37.295441
v -13.136382 10.079901 37.283638
v -13.136382 10.079901 36.413063
v -13.124377 10.318457 36.389252
v -12.981479 10.085909 36.407261
v -12.695292 10.056089 36.466900
v -12.874007 10.330267 36.413063
v -13.398757 10.318457 37.229801
v -12.695292 10.056089 37.229801
v -13.386744 10.079901 37.229801
v -12.641662 10.348274 37.188171
v -13.637111 10.300449 36.848351
v -13.637111 10.121727 36.848351
v -13.571670 10.103720 37.074898
v -13.571670 10.306450 37.080898
v -13.398757 10.318457 36.466900
v -12.570010 10.038277 36.532345
v -12.641662 10.348274 36.508530
v -12.486556 10.360086 36.699249
v -12.480556 10.026272 36.633808
v -12.456737 10.360086 36.848351
v -13.571670 10.103720 36.621803
v -13.386744 10.079901 36.466900
v -13.571670 10.306450 36.615803
v -12.409106 10.008453 36.848351
v -12.492564 10.360086 37.051079
v -12.480556 10.026272 37.068893
v -12.570010 10.038277 37.164356
v -12.325649 6.091701 36.419071
v -12.659473 6.938251 35.948166
v -12.659473 6.085694 35.954163
v -12.319649 6.944054 36.419071
v -12.403107 6.085694 35.763443
v -12.063282 6.085694 36.228348
v -12.373280 6.938251 35.739426
v -12.033463 6.938250 36.210533
v -12.659473 6.085694 37.742535
v -12.319649 6.944055 37.277630
v -12.325649 6.091702 37.277630
v -12.659473 6.938251 37.748535
v -12.063282 6.085694 37.468353
v -12.403103 6.085694 37.933258
v -12.373280 6.938251 37.957275
v -12.033463 6.938251 37.486168
v -13.816027 6.908432 37.504177
v -13.750381 7.898081 37.504177
v -13.768394 7.898081 37.456345
v -13.792208 6.914439 37.563816
v -13.891020 6.869423 37.494888
v -13.901874 6.926597 37.614735
v -13.770137 6.892640 37.452259
v -13.948524 5.750941 37.767296
v -13.807616 5.735797 37.606659
v -13.483048 5.788016 37.881973
v -13.436654 6.919602 37.728668
v -13.572291 6.950217 37.890343
v -13.623769 5.802924 38.042919
v -12.802567 8.851898 37.587631
v -12.665474 8.947165 37.343067
v -12.730915 8.893527 37.313251
v -12.736919 8.905535 37.617451
v -12.444931 8.529893 37.325256
v -12.379288 8.583524 37.349075
v -12.516380 8.482257 37.599438
v -12.450733 8.535893 37.623253
v -12.974550 5.732369 38.157204
v -12.795398 5.680875 38.170929
v -13.199282 6.569827 38.068680
v -12.668535 6.853420 37.728764
v -13.236197 6.527184 37.895458
v -13.361255 6.888780 37.847527
v -12.812252 5.651390 38.093319
v -13.468422 6.893887 37.901436
v -13.444294 6.918273 38.032597
v -13.325434 6.937410 38.044373
v -13.467039 6.661905 38.092567
v -13.490820 6.631472 37.967243
v -13.349538 6.954722 37.936993
v -12.728180 6.953836 37.824036
v -12.638106 6.895088 37.925686
v -12.684386 5.710238 38.098785
v -13.911949 7.017007 37.526455
v -13.720121 6.857166 37.526676
v -13.720463 6.857025 36.164093
v -13.911880 7.017124 36.164219
v -14.138245 6.866114 36.164200
v -14.255924 6.247621 36.848450
v -14.137843 6.866460 37.526588
v -13.860583 5.715577 36.227844
v -14.197216 6.243576 36.164150
v -14.196463 6.245417 37.526722
v -14.165129 5.784982 37.468399
v -14.164853 5.781054 36.228245
v -13.860518 5.714880 37.468781
v -12.949518 7.041958 35.598385
v -12.956550 7.214472 35.640465
v -12.902728 7.178854 35.807381
v -12.895595 7.000543 35.765472
v -12.638559 6.024681 35.525101
v -12.796075 6.115502 35.286858
v -12.619482 6.776529 35.711159
v -12.805303 6.781896 35.425308
v -13.057642 7.153648 35.902889
v -13.050789 6.975147 35.860847
v -13.409950 6.026179 35.453941
v -13.252786 5.998358 35.704170
v -13.218580 6.118340 35.245811
v -13.219630 6.784533 35.384113
v -13.188866 7.003975 35.735905
v -13.189347 7.176573 35.777672
v -13.105688 7.213317 35.628521
v -13.099320 7.040833 35.586731
v -13.451933 6.780913 35.628571
v -12.851902 6.655604 35.937794
v -13.270831 6.657602 35.896511
v -12.840962 6.003789 35.745712
v -12.874007 10.729727 36.574173
v -12.730918 10.556816 36.448891
v -13.297286 10.479361 36.353630
v -13.321105 10.652273 36.460899
v -13.076747 10.795372 37.253819
v -12.516383 10.658077 36.901989
v -12.522384 10.670090 36.711258
v -13.082747 10.902639 36.967625
v -13.285483 10.884624 36.955616
v -12.701098 10.729727 36.788712
v -12.760741 10.711916 36.621803
v -13.273475 10.872820 36.717266
v -12.599830 10.682096 37.062893
v -12.444934 10.526991 36.949615
v -13.529841 10.598642 37.116528
v -13.362933 10.682096 37.092709
v -13.410560 10.735729 36.854359
v -13.565661 10.640265 36.848351
v -13.678935 10.264624 36.788712
v -13.631103 10.246813 37.062893
v -13.219840 10.747540 36.580173
v -13.517837 10.604445 36.556156
v -13.541850 10.705910 36.836342
v -12.838386 10.366087 37.313251
v -12.510375 10.479361 37.134537
v -12.814372 10.562817 37.313251
v -13.643115 10.258820 36.615803
v -13.678935 10.330267 36.836342
v -13.225841 10.789364 36.848351
v -12.886024 10.532997 37.331264
v -12.611838 10.485367 37.182167
v -12.868205 10.717720 37.140545
v -13.255656 10.819183 37.080898
v -13.207831 10.574627 37.307449
v -12.564013 10.580627 36.669434
v -12.552199 10.676090 36.693447
v -13.249656 10.240805 37.325260
v -12.892024 10.306450 37.301449
v -13.190021 10.526991 37.331264
v -12.892024 10.520990 37.331264
v -12.641662 10.348274 37.188171
v -12.993289 10.568823 36.389252
v -13.130378 10.687901 36.431080
v -12.659476 10.687901 36.514534
v -12.892024 10.771349 36.532345
v -12.897826 10.830994 36.615803
v -12.999290 10.896631 36.806526
v -12.736922 10.789364 36.937805
v -12.605838 10.598642 37.074898
v -12.862205 10.616453 36.413063
v -12.659476 10.676090 36.508530
v -12.576018 10.562817 36.472710
v -12.730918 10.532997 36.401260
v -12.522384 10.687901 36.699249
v -12.730918 10.819183 36.901989
v -12.665477 10.783365 36.991444
v -12.438926 10.604445 36.747086
v -12.444934 10.473360 36.657627
v -12.564013 10.580627 36.669434
v -12.486556 10.360086 36.699249
v -12.450736 10.455549 36.717266
vn 0.3101 0.9506 0.0155
vn 0.1791 0.4525 -0.8736
vn 0.4090 0.9125 0.0041
vn 0.0521 0.3784 0.9242
vn 0.1505 0.4844 0.8618
vn 0.3065 0.4245 -0.8520
vn 0.1724 0.4486 0.8769
vn 0.7200 0.4646 0.5155
vn -0.0584 0.0104 0.9982
vn 0.7047 -0.6116 0.3596
vn 0.7267 -0.5756 -0.3749
vn 0.1941 -0.7101 0.6768
vn -0.0518 -0.6417 -0.7652
vn 0.2772 -0.7274 -0.6277
vn -0.0659 -0.6918 0.7191
vn 0.0751 0.3361 -0.9388
vn -0.0690 -0.0474 -0.9965
vn -0.1306 -0.8991 -0.4178
vn -0.1000 -0.8781 0.4680
vn -0.0141 -0.9999 -0.0027
vn 0.7599 0.5090 -0.4043
vn -0.0109 -0.9999 -0.0046
vn -0.3153 -0.9490 -0.0035
vn 0.4091 0.9125 -0.0031
vn 0.1807 0.4536 0.8727
vn 0.3095 0.9506 -0.0240
vn 0.1486 0.4830 -0.8629
vn 0.0520 0.3783 -0.9242
vn 0.3141 0.4230 0.8499
vn 0.7130 0.4506 -0.5372
vn 0.1960 0.4345 -0.8791
vn -0.0584 0.0103 -0.9982
vn 0.7233 -0.5717 0.3873
vn 0.6940 -0.6046 -0.3909
vn 0.2142 -0.7010 -0.6803
vn 0.2845 -0.7243 0.6281
vn -0.0530 -0.6416 0.7652
vn -0.0659 -0.6919 -0.7190
vn -0.0744 -0.0602 0.9954
vn 0.0751 0.3362 0.9388
vn -0.0146 -0.9999 0.0032
vn -0.0993 -0.8784 -0.4675
vn -0.1343 -0.9070 0.3991
vn 0.7577 0.5058 0.4124
vn -0.0098 -0.9999 0.0055
vn -0.3150 -0.9491 0.0040
vn 0.9543 -0.2937 -0.0551
vn 0.8084 -0.3130 0.4985
vn 0.0913 -0.0146 0.9957
vn 0.2006 0.1625 -0.9661
vn 0.1849 -0.1498 -0.9713
vn -0.6197 0.1358 -0.7730
vn -0.0818 -0.2370 0.9681
vn -0.2185 -0.0205 0.9756
vn -0.4982 -0.0175 0.8669
vn -0.6124 0.0538 0.7887
vn -0.9862 0.1654 0.0114
vn -0.8898 0.0415 0.4544
vn -0.2099 -0.0905 -0.9735
vn -0.5089 -0.0596 -0.8587
vn -0.0161 -0.0634 -0.9979
vn -0.8075 0.0966 -0.5819
vn -1.0000 0.0084 -0.0019
vn -0.7507 0.1802 0.6356
vn 0.9924 0.0064 0.1231
vn 0.0564 -0.1386 -0.9887
vn 0.8311 -0.2282 -0.5071
vn -0.0010 0.0663 0.9978
vn -0.0700 -0.3047 -0.9499
vn -0.9998 -0.0164 0.0085
vn -0.8678 -0.0035 -0.4970
vn 0.1581 -0.0736 0.9847
vn -0.8992 0.4124 0.1464
vn 0.0902 -0.0144 -0.9958
vn 0.8083 -0.3136 -0.4983
vn 0.9500 -0.3103 0.0350
vn -0.6198 0.1356 0.7730
vn 0.1796 -0.1365 0.9742
vn 0.2019 0.1634 0.9657
vn -0.4993 -0.0173 -0.8663
vn -0.2197 -0.0192 -0.9754
vn -0.0826 -0.2369 -0.9680
vn -0.8900 0.0417 -0.4540
vn -0.9862 0.1654 -0.0114
vn -0.6122 0.0538 -0.7888
vn -0.0160 -0.0637 0.9978
vn -0.5051 -0.0652 0.8606
vn -0.2014 -0.1030 0.9741
vn -0.7508 0.1801 -0.6355
vn -1.0000 0.0084 0.0031
vn -0.8073 0.0965 0.5822
vn 0.9923 0.0064 -0.1239
vn 0.0511 -0.1466 0.9879
vn 0.8392 -0.2131 0.5004
vn -0.0010 0.0666 -0.9978
vn -0.0496 -0.3323 0.9419
vn -0.9999 -0.0163 -0.0055
vn -0.8674 -0.0034 0.4976
vn 0.1592 -0.0739 -0.9845
vn -0.8993 0.4121 -0.1464
vn -0.8968 0.2899 0.3343
vn -0.9154 -0.2471 0.3179
vn -0.7434 0.2322 -0.6272
vn 0.8797 -0.2447 0.4076
vn 0.7863 -0.0803 -0.6126
vn 0.0122 -0.0445 -0.9989
vn 0.5865 -0.1802 -0.7897
vn -0.1124 -0.0993 0.9887
vn 0.5390 -0.1815 0.8225
vn 0.9866 -0.1498 0.0640
vn 0.9722 -0.2256 -0.0630
vn -0.7342 -0.2410 -0.6347
vn -0.7439 0.2323 0.6266
vn -0.9150 -0.2472 -0.3188
vn -0.8964 0.2908 -0.3345
vn 0.8809 -0.2466 -0.4040
vn 0.5857 -0.1821 0.7898
vn 0.0125 -0.0460 0.9989
vn 0.7851 -0.0774 0.6145
vn -0.1180 -0.1009 -0.9879
vn 0.5345 -0.1835 -0.8250
vn 0.9712 -0.2284 0.0681
vn 0.9870 -0.1486 -0.0607
vn -0.7340 -0.2411 0.6349
vn 0.5026 0.0102 -0.8644
vn -0.1096 -0.0863 -0.9902
vn -0.0953 0.0417 -0.9946
vn 0.4804 0.1758 -0.8593
vn 0.8699 0.3024 -0.3896
vn 0.7530 0.0931 0.6514
vn 0.9029 0.3813 0.1983
vn 0.7767 0.5893 0.2225
vn 0.9994 0.0359 -0.0007
vn -0.9562 -0.1853 0.2264
vn -0.9375 -0.1174 -0.3276
vn -0.6629 -0.1748 -0.7280
vn -0.5789 -0.1246 0.8058
vn -0.9789 -0.1476 0.1410
vn 0.4240 -0.0967 0.9005
vn -0.3762 -0.1797 0.9090
vn -0.9436 -0.2714 0.1898
vn 0.0457 -0.0050 0.9989
vn -0.6147 -0.0057 -0.7887
vn -0.0953 0.0417 0.9946
vn -0.1096 -0.0864 0.9902
vn 0.5026 0.0102 0.8645
vn 0.8699 0.3024 0.3896
vn 0.4804 0.1758 0.8593
vn 0.7767 0.5892 -0.2225
vn 0.9030 0.3812 -0.1983
vn 0.7530 0.0931 -0.6514
vn 0.9993 0.0361 0.0007
vn -0.6629 -0.1747 0.7281
vn -0.9375 -0.1173 0.3276
vn -0.9562 -0.1853 -0.2264
vn -0.9790 -0.1475 -0.1410
vn -0.5789 -0.1246 -0.8058
vn 0.4239 -0.0962 -0.9006
vn -0.9434 -0.2717 -0.1900
vn -0.3762 -0.1800 -0.9089
vn 0.0456 -0.0050 -0.9989
vn -0.6148 -0.0056 0.7887
vn -0.0209 0.0492 0.9986
vn -0.6027 -0.5579 0.5705
vn 0.9795 0.1604 -0.1220
vn -0.6352 -0.7010 0.3242
vn -0.5489 0.5632 0.6177
vn 0.8819 -0.3356 -0.3311
vn -0.2277 -0.9734 0.0264
vn 0.3561 -0.8402 -0.4089
vn -0.1546 -0.6853 0.7117
vn 0.6496 -0.5957 0.4723
vn -0.8341 0.4530 -0.3147
vn -0.9196 0.3320 -0.2101
vn 0.7464 0.4118 0.5228
vn 0.9678 -0.1251 0.2186
vn -0.1645 -0.1170 -0.9794
vn -0.3083 -0.8837 -0.3521
vn 0.6854 -0.6552 -0.3176
vn -0.3719 -0.8392 -0.3968
vn 0.5706 -0.3619 -0.7372
vn 0.2683 0.4212 0.8664
vn -0.0278 -0.5740 -0.8184
vn -0.1344 -0.5098 -0.8497
vn 0.3221 0.4768 0.8179
vn -0.4466 0.6632 0.6006
vn -0.1973 -0.1320 -0.9714
vn 0.5507 -0.3710 -0.7477
vn 0.9893 -0.0812 0.1213
vn -0.4604 0.6141 -0.6410
vn -0.9250 0.2141 0.3140
vn -0.5127 0.6607 -0.5483
vn 0.5272 -0.4308 0.7324
vn -0.3315 -0.2958 0.8959
vn 0.4491 -0.4439 0.7754
vn -0.2527 -0.3530 0.9008
vn 0.7068 -0.2983 0.6415
vn -0.9514 -0.2989 0.0739
vn -0.5171 -0.6969 -0.4969
vn 0.9973 0.0529 -0.0503
vn 0.9998 -0.0183 0.0016
vn -0.9585 0.2665 0.1017
vn 0.3799 0.5639 -0.7333
vn 0.3027 0.6166 -0.7267
vn -0.2360 -0.6894 0.6848
vn -0.4871 -0.8544 0.1810
vn 0.2553 -0.8603 0.4412
vn -0.3248 -0.5693 -0.7552
vn 0.7748 0.2469 0.5821
vn 0.8508 -0.1015 0.5155
vn 0.5205 0.2335 -0.8213
vn -0.5023 -0.4787 0.7201
vn -0.1283 -0.9836 -0.1267
vn 0.8320 -0.4984 -0.2437
vn 0.8442 0.5128 -0.1559
vn 0.3185 -0.6140 -0.7222
vn -0.2559 -0.8420 -0.4750
vn -0.2390 -0.6080 -0.7571
vn 0.4325 -0.2397 -0.8692
vn -0.6936 -0.6167 0.3723
vn -0.0823 0.3365 0.9381
vn 0.5506 0.4155 -0.7240
vn 0.7364 0.6735 -0.0645
vn 0.2098 0.3792 0.9012
vn 0.0048 -0.2687 0.9632
vn -0.5874 -0.5782 0.5662
vn -0.4701 -0.8261 0.3108
vn 0.4999 0.0219 -0.8658
vn 0.3712 0.3440 -0.8624
vn -0.5059 -0.5802 -0.6383
vn 0.5657 0.7325 0.3787
vn 0.0543 0.1977 0.9788
vn -0.0445 0.9987 -0.0266
vn 0.5583 0.8232 0.1029
vn -0.0791 0.9204 -0.3829
vn -0.4798 0.6723 -0.5638
vn 0.2975 0.8822 0.3649
vn 0.0052 -0.1985 -0.9801
vn -0.4585 0.4343 -0.7753
vn -0.2234 -0.2466 -0.9430
vn -0.1340 -0.8644 -0.4846
vn 0.9192 0.1803 -0.3501
vn -0.0264 -0.0249 -0.9993
vn 0.4727 0.8530 -0.2213
vn 0.5946 -0.4752 0.6485
vn 0.9076 0.3234 0.2677
vn 0.4834 0.8669 -0.1221
vn -0.2573 -0.4182 0.8712
vn -0.2669 -0.9316 0.2468
vn -0.5993 -0.3751 0.7072
vn -0.7505 0.3467 0.5627
vn -0.2166 0.9465 0.2390
vn -0.5611 0.7209 0.4069
vn -0.0267 0.9991 -0.0337
vn 0.4498 0.8911 -0.0604
vn 0.5442 0.5690 -0.6165
vn 0.8272 0.5534 0.0969
vn 0.6274 0.2098 -0.7499
vn -0.0131 0.5822 0.8130
vn -0.5931 -0.6701 0.4462
vn -0.5347 -0.8305 0.1563
vn -0.0802 -0.7047 -0.7049
vn -0.0089 0.2674 0.9635
vn -0.8314 0.4782 0.2830
vn -0.1150 0.1566 -0.9810
vn 0.8354 0.4238 0.3501
vn -0.3536 0.4747 -0.8060
vn 0.7711 0.5600 -0.3031
vn -0.5297 0.1065 0.8415
vn 0.9350 0.3121 0.1685
vn 0.5502 0.2058 -0.8093
vn -0.3909 -0.7331 0.5566
vn 0.7728 -0.4529 0.4446
vn 0.1129 0.9303 0.3489
vn 0.2026 0.5741 0.7933
vn -0.1204 0.0591 0.9910
vn 0.7484 0.5291 0.4000
vn -0.3263 -0.8549 -0.4033
vn -0.3340 -0.6920 -0.6400
vn 0.2484 0.1734 0.9530
vn 0.2887 0.5092 -0.8108
vn 0.2763 0.1247 0.9530
vn -0.0786 0.4039 -0.9114
vn 0.0803 0.7922 -0.6050
vn 0.6308 0.2605 -0.7309
vn 0.5751 0.6679 -0.4724
vn -0.6954 -0.4772 0.5373
vn -0.9038 -0.2568 0.3423
vn -0.6836 0.6762 -0.2748
vn 0.5663 -0.1516 0.8102
vn 0.3314 -0.3736 0.8664
vn -0.1784 -0.8379 0.5159
vn 0.9260 -0.3169 -0.2053
vn 0.9301 -0.1765 0.3220
vn 0.4664 0.7930 0.3920
vn -0.5591 -0.3683 0.7428
vn 0.1829 0.5380 0.8228
vn -0.1536 0.9452 -0.2883
vn 0.1810 -0.0788 0.9803
vn -0.6036 0.5105 -0.6125
vn 0.9894 0.1347 0.0535
vn -0.7875 -0.2758 0.5512
vn 0.4233 0.4598 0.7806
vn -0.6003 0.2211 0.7686
vn 0.9719 -0.1426 0.1870
vn -0.9930 0.1184 -0.0049
vn 0.5334 -0.4112 0.7392
vn -0.6929 -0.0340 0.7203
vn -0.6867 -0.5367 0.4903
vn 0.4688 0.4579 0.7554
vn 0.3078 0.9313 -0.1947
vn -0.8231 0.4977 -0.2735
vn 0.6453 0.1079 -0.7563
vn 0.5203 0.5055 -0.6883
vn 0.2260 -0.9684 0.1052
vn 0.0204 0.8520 -0.5231
vn -0.9329 0.0968 -0.3469
vn 0.2260 0.0980 -0.9692
vn 0.9639 -0.2349 -0.1250
vn -0.4892 0.4095 -0.7701
vn 0.2316 -0.3436 0.9101
vn -0.2850 -0.9412 0.1813
vn 0.1618 0.8720 0.4620
vn 0.2590 -0.0032 0.9659
vn -0.6214 -0.7807 0.0662
vn -0.9067 -0.3753 -0.1927
vn 0.6468 -0.5175 0.5602
vn -0.0921 0.8739 0.4773
vn 0.4037 0.8869 0.2245
vn 0.3386 0.8425 0.4189
vn -0.5269 0.0669 -0.8473
vn -0.5978 0.2373 -0.7658
vn -0.2319 0.7138 -0.6609
vn 0.9421 -0.0419 0.3326
vn 0.6319 0.2733 0.7252
vn 0.0785 0.7892 0.6091
vn -0.0781 0.4131 0.9073
vn 0.5642 0.6742 0.4766
vn -0.6876 0.6692 0.2817
vn -0.9030 -0.2508 -0.3489
vn -0.6942 -0.4863 -0.5307
vn -0.1963 -0.8319 -0.5191
vn 0.3514 -0.3622 -0.8633
vn 0.5754 -0.1673 -0.8006
vn 0.4643 0.7932 -0.3940
vn 0.9265 -0.1556 -0.3427
vn 0.9364 -0.3089 0.1663
vn -0.1544 0.9438 0.2922
vn 0.1829 0.5380 -0.8228
vn -0.5581 -0.3554 -0.7498
vn 0.9885 0.1433 -0.0486
vn -0.6083 0.5111 0.6072
vn 0.1733 -0.0911 -0.9806
vn -0.8002 -0.2895 -0.5253
vn -0.5999 0.2151 -0.7706
vn 0.4323 0.4623 -0.7742
vn 0.9732 -0.1261 -0.1925
vn -0.9934 0.1144 0.0071
vn -0.6802 -0.5351 -0.5010
vn -0.6911 -0.0191 -0.7225
vn 0.5279 -0.4064 -0.7458
vn -0.8188 0.5017 0.2791
vn 0.3182 0.9240 0.2122
vn 0.4753 0.4665 -0.7460
vn 0.5193 0.4933 0.6978
vn 0.6446 0.0888 0.7594
vn 0.2259 -0.9684 -0.1052
vn 0.0186 0.8491 0.5279
vn -0.9307 0.1062 0.3501
vn 0.9468 -0.2792 0.1599
vn 0.2372 0.1163 0.9645
vn -0.4806 0.4261 0.7665
vn -0.2850 -0.9412 -0.1813
vn 0.2315 -0.3436 -0.9101
vn 0.1618 0.8720 -0.4620
vn -0.6215 -0.7806 -0.0662
vn 0.2590 -0.0032 -0.9659
vn -0.9117 -0.3739 0.1700
vn 0.6467 -0.5176 -0.5602
vn -0.0920 0.8739 -0.4773
vn 0.4038 0.8869 -0.2245
vn 0.3386 0.8425 -0.4189
vn -0.5761 0.2585 0.7755
vn -0.5516 0.0888 0.8294
vn -0.2386 0.7035 0.6695
vn 0.9571 -0.0639 -0.2825
vn -0.0541 0.2499 -0.9668
vn -0.0713 0.1549 -0.9854
vn -0.5522 0.0970 -0.8280
vn 0.4682 0.2171 -0.8565
vn 0.7305 -0.0450 -0.6815
vn 0.9997 -0.0240 -0.0000
vn 0.8265 0.1463 -0.5436
vn -0.9144 -0.3269 -0.2387
vn -0.8601 0.0420 -0.5083
vn -0.9126 -0.1266 -0.3887
vn -0.6048 -0.0689 -0.7934
vn 0.1158 0.0389 -0.9925
vn 0.2701 0.3547 -0.8951
vn 0.9122 -0.2952 -0.2841
vn 0.9627 0.0268 -0.2691
vn 0.9612 -0.2759 -0.0001
vn -0.9970 0.0778 0.0002
vn -0.9918 0.0641 -0.1102
vn -0.9971 -0.0762 -0.0059
vn 0.8267 0.1462 0.5432
vn 0.7305 -0.0449 0.6815
vn 0.0547 -0.1344 0.9894
vn 0.7299 -0.6224 -0.2826
vn 0.1622 -0.7387 0.6542
vn 0.5698 -0.8217 -0.0093
vn 0.0181 -0.9996 -0.0236
vn -0.2930 -0.9561 -0.0021
vn -0.9078 -0.4184 -0.0296
vn -0.3521 -0.5506 0.7569
vn -0.9512 0.0560 -0.3036
vn -0.4887 0.2992 -0.8195
vn -0.5611 0.0110 -0.8277
vn 0.1156 0.0386 0.9925
vn 0.7467 -0.6537 0.1226
vn 0.2700 0.3550 0.8951
vn -0.5615 0.0110 0.8274
vn -0.4886 0.2970 0.8204
vn 0.1250 -0.7524 -0.6467
vn 0.7349 -0.6135 0.2890
vn 0.9229 0.0376 -0.3832
vn 0.1605 0.2099 0.9644
vn 0.7058 0.5459 0.4515
vn 0.9099 -0.0877 0.4055
vn 0.2135 0.2461 -0.9454
vn 0.9099 -0.0877 -0.4055
vn 0.7058 0.5459 -0.4515
vn 0.8722 -0.0422 -0.4873
vn 0.9965 -0.0834 -0.0000
vn 0.8259 0.5638 -0.0000
vn -0.3488 0.2289 0.9088
vn -0.7397 0.4747 0.4769
vn -0.0783 0.5958 0.7993
vn -0.1077 0.5761 -0.8102
vn 0.4029 0.3556 -0.8434
vn 0.6083 0.6928 -0.3875
vn 0.3885 0.3750 0.8417
vn -0.7934 0.6016 -0.0927
vn -0.7397 0.4747 -0.4769
vn -0.9057 0.4239 -0.0000
vn -0.7934 0.6016 0.0927
vn 0.8722 -0.0422 0.4873
vn -0.3726 0.2621 -0.8902
vn 0.6083 0.6928 0.3875
vn 0.9120 -0.2960 0.2839
vn -0.9127 -0.4084 0.0120
vn -0.3475 -0.5441 -0.7637
vn -0.9328 -0.2833 0.2227
vn -0.8568 0.0491 0.5132
vn 0.7461 -0.6541 -0.1242
vn 0.0538 -0.1323 -0.9897
vn -0.5364 0.0857 0.8396
vn -0.5729 -0.0104 0.8195
vn -0.0776 0.2294 0.9702
vn -0.9916 0.0683 0.1099
vn -0.9511 0.0561 0.3037
vn -0.1158 0.1882 0.9753
vn 0.4694 0.2170 0.8559
vn 0.9624 0.0261 0.2703
vn -0.9102 -0.1077 0.3999
vn 0.9237 0.0358 0.3814
vn -0.9811 -0.1935 -0.0000
vn -0.9444 -0.2075 -0.2552
vn -0.9938 -0.1113 0.0001
vn 0.8813 0.4725 -0.0000
vn 0.8857 0.3817 -0.2642
vn 0.7091 0.3276 -0.6244
vn 0.8446 0.0514 0.5329
vn 0.9474 -0.0776 0.3107
vn 0.9961 0.0886 -0.0000
vn -0.9443 -0.2076 0.2552
vn 0.8857 0.3817 0.2642
vn 0.9474 -0.0776 -0.3107
vn 0.8290 0.0397 -0.5579
vn 0.9995 0.0313 -0.0000
vn 0.7120 0.3379 0.6155
vn 0.7534 -0.1484 0.6406
vn 0.7266 -0.1076 -0.6786
vn 0.6173 -0.1860 -0.7645
vn -0.2040 0.9170 -0.3429
vn -0.8268 0.5456 0.1367
vn 0.3981 0.8299 -0.3908
vn 0.7446 0.6197 -0.2483
vn -0.8405 0.5388 -0.0567
vn 0.3981 0.8299 0.3908
vn -0.2040 0.9170 0.3429
vn -0.8405 0.5388 0.0567
vn -0.8268 0.5456 -0.1367
vn 0.7446 0.6197 0.2483
vn 0.9982 0.0606 -0.0000
vn 0.6429 0.4306 0.6334
vn -0.9930 0.1172 -0.0123
vn -0.9968 0.0176 -0.0781
vn 0.5596 -0.2854 0.7780
vn 0.4699 0.2631 0.8426
vn -0.9154 -0.2929 0.2761
vn 0.3940 -0.0747 0.9161
vn -0.5133 -0.2131 0.8314
vn 0.4796 0.2956 0.8262
vn -0.5497 -0.2500 0.7971
vn -0.5132 -0.2130 -0.8314
vn -0.9916 0.1293 -0.0000
vn -0.9968 0.0176 0.0781
vn -0.9154 -0.2929 -0.2761
vn 0.5060 0.2808 -0.8155
vn 0.4271 -0.0806 -0.9006
vn -0.9930 0.1172 0.0123
vn -0.5497 -0.2500 -0.7971
vn 0.4699 0.2631 -0.8426
vn 0.6429 0.4306 -0.6334
vn -0.8239 -0.5666 -0.0084
vn 0.0618 -0.0985 -0.9932
vn 0.0618 -0.0985 0.9932
vn 1.0000 -0.0000 -0.0000
vn 0.6397 -0.4266 0.6393
vn 0.0917 -0.8335 0.5448
vn 0.0103 -0.2642 0.9644
vn -0.4575 0.1966 -0.8672
vn -0.1847 -0.1564 -0.9703
vn 0.0103 -0.2642 -0.9644
vn -0.1327 -0.5102 -0.8498
vn -0.9708 -0.2398 -0.0000
vn -0.8435 -0.2177 -0.4911
vn -0.9780 -0.2087 -0.0000
vn 0.0705 -0.4648 0.8826
vn 0.1261 -0.9920 -0.0000
vn 0.6397 -0.4266 -0.6393
vn 0.0917 -0.8335 -0.5448
vn 0.0705 -0.4648 -0.8826
vn -0.1398 -0.1480 0.9791
vn -0.4190 -0.1073 0.9016
vn -0.3552 -0.1994 0.9133
vn -0.8144 -0.1966 0.5460
vn -0.8435 -0.2177 0.4911
vn -0.1327 -0.5102 0.8498
vn -0.4634 -0.2050 -0.8621
vn -0.7951 -0.1865 -0.5771
vn -0.4633 -0.2003 0.8632
vn -0.8476 -0.0776 0.5250
vn -0.7382 -0.4414 0.5102
vn -0.6735 -0.2431 0.6981
vn -0.8456 -0.0659 -0.5298
vn -0.6529 -0.4687 -0.5950
vn -0.8962 0.4379 -0.0714
vn -0.8962 0.4379 0.0714
vn 0.1637 -0.3071 0.9375
vn -0.0352 -0.7803 0.6244
vn 0.4895 -0.2840 0.8245
vn 0.7010 -0.2106 0.6814
vn 0.8426 -0.1417 0.5196
vn 0.8869 -0.2366 0.3968
vn 0.3104 -0.8413 0.4426
vn 0.8859 -0.4639 -0.0000
vn 0.9107 -0.1911 0.3662
vn 0.9677 -0.2521 -0.0000
vn 0.5433 -0.2941 0.7863
vn 0.3394 -0.2440 0.9084
vn 0.3736 -0.2611 0.8901
vn 0.7961 -0.0284 0.6045
vn 0.7510 -0.1976 0.6300
vn 0.7960 -0.1419 0.5884
vn 0.7939 -0.2709 0.5444
vn 0.1954 -0.2724 0.9421
vn -0.3583 0.4300 0.8287
vn -0.1005 0.9918 -0.0790
vn 0.4444 0.0462 0.8947
vn 0.2820 -0.1714 0.9440
vn -0.6735 -0.2431 -0.6981
vn 0.9338 -0.3578 -0.0000
vn 0.8566 -0.2846 0.4303
vn -0.3326 -0.7366 0.5889
vn 0.8105 -0.2243 0.5411
vn -0.1580 -0.9874 -0.0000
vn 0.4751 -0.8799 -0.0000
vn 0.5586 -0.2437 0.7928
vn 0.4342 -0.6915 0.5773
vn 0.5806 -0.0586 0.8121
vn 0.8804 -0.1998 0.4300
vn 0.9746 -0.2239 -0.0000
vn 0.7589 -0.0186 0.6509
vn 0.7020 -0.7122 -0.0000
vn 0.8355 -0.0312 0.5486
vn 0.8816 -0.4702 0.0409
vn 0.6851 -0.6491 0.3307
vn 0.8105 -0.3193 0.4910
vn 0.9897 -0.1430 -0.0000
vn 0.8504 -0.5261 -0.0000
vn 0.8468 -0.3278 0.4188
vn 0.9984 -0.0563 -0.0000
vn 0.9999 0.0147 -0.0000
vn 0.7480 -0.1899 -0.6360
vn 0.7961 -0.0284 -0.6045
vn 0.4896 -0.2776 -0.8266
vn -0.3583 0.4300 -0.8287
vn -0.1005 0.9918 0.0790
vn 0.7589 -0.0186 -0.6509
vn 0.7158 0.1286 -0.6863
vn 0.7933 -0.1984 -0.5756
vn 0.4444 0.0462 -0.8947
vn 0.9046 -0.1368 -0.4037
vn 0.6894 -0.1880 -0.6995
vn 0.6523 -0.4297 -0.6243
vn 0.8804 -0.1998 -0.4300
vn 0.8869 -0.2366 -0.3968
vn 0.8566 -0.2846 -0.4303
vn 0.3737 -0.2758 -0.8856
vn 0.0055 -0.9908 -0.1351
vn 0.5623 -0.8132 -0.1500
vn 0.5271 -0.8034 -0.2771
vn 0.8105 -0.2243 -0.5411
vn 0.5806 -0.0586 -0.8121
vn 0.8106 -0.1243 -0.5723
vn 0.9107 -0.1911 -0.3662
vn 0.3480 -0.8022 -0.4851
vn -0.0352 -0.7803 -0.6244
vn 0.1689 -0.3043 -0.9375
vn 0.3104 -0.8413 -0.4426
vn 0.8387 -0.2529 -0.4822
vn 0.9917 -0.1210 -0.0432
vn 0.7254 0.3986 -0.5612
vn 0.1954 -0.2724 -0.9421
vn 0.4342 -0.6915 -0.5773
vn 0.2944 -0.1789 -0.9388
vn -0.3326 -0.7366 -0.5889
vn 0.7010 -0.2106 -0.6814
vn 0.8386 0.4966 0.2242
vn -0.3584 0.9232 0.1391
vn 0.8365 0.5209 0.1699
vn 0.6019 0.7757 0.1897
vn 0.9404 0.2665 0.2113
vn 0.9376 0.2713 0.2177
vn -0.6070 0.7873 0.1080
vn 0.5272 -0.3788 -0.7606
vn 0.4878 -0.3212 -0.8117
vn 0.6406 -0.3869 -0.6633
vn 0.3734 -0.2189 -0.9015
vn 0.2979 0.0590 -0.9528
vn 0.8365 0.5210 0.1698
vn 0.9098 -0.2883 0.2987
vn 0.8601 -0.3830 0.3369
vn 0.8505 0.3839 0.3596
vn 0.6583 0.7182 0.2256
vn 0.8365 0.5210 0.1699
vn 0.9948 -0.0767 0.0670
vn 0.9635 0.2097 0.1662
vn 0.7897 0.6045 0.1048
vn 0.7781 0.6281 -0.0076
vn 0.8656 -0.4698 -0.1731
vn -0.5209 0.0589 -0.8516
vn -0.5086 0.1217 -0.8524
vn -0.4547 0.1668 -0.8749
vn -0.7563 0.1866 -0.6271
vn -0.6317 0.1102 -0.7674
vn -0.1514 0.2849 -0.9465
vn -0.4449 0.1794 0.8774
vn -0.4965 0.1179 0.8600
vn -0.5068 0.0717 0.8591
vn -0.7836 0.2527 0.5676
vn -0.6379 0.1560 0.7541
vn -0.1673 0.2400 0.9562
vn -0.6333 -0.0787 -0.7699
vn -0.6437 -0.0857 0.7604
vn -0.7230 0.1413 -0.6763
vn -0.8561 0.0963 -0.5078
vn -0.6834 0.1197 -0.7202
vn -0.6869 0.1858 -0.7026
vn -0.6406 0.1263 -0.7574
vn -0.5086 0.1217 -0.8523
vn -0.6321 0.1293 0.7640
vn -0.8339 0.1743 0.5237
vn -0.7369 0.2043 0.6444
vn -0.3939 0.0207 0.9189
vn -0.6009 0.2086 0.7716
vn -0.7244 0.2713 -0.6338
vn -0.9067 0.4177 -0.0580
vn -0.7816 0.2184 -0.5844
vn -0.7793 0.0865 -0.6207
vn -0.7837 0.1005 -0.6129
vn -0.8390 0.2577 0.4793
vn -0.8048 0.2798 0.5235
vn -0.8521 0.1794 0.4916
vn -0.8469 0.1674 0.5047
vn 0.5431 0.8384 -0.0459
vn -0.6948 0.5417 0.4731
vn 0.3515 -0.0165 0.9360
vn -0.5414 0.6211 -0.5667
vn 0.9050 0.0457 -0.4230
vn -0.5950 0.3085 -0.7421
vn 0.1907 -0.7771 0.5998
vn -0.2067 -0.7723 -0.6007
vn 0.0643 0.8030 0.5924
vn -0.8652 -0.1635 0.4741
vn 0.4093 -0.1103 0.9057
vn 0.8980 0.2810 -0.3386
vn 0.8992 0.2039 -0.3872
vn -0.4338 0.5313 -0.7277
vn -0.3670 0.8810 -0.2987
vn 0.4694 -0.5157 0.7168
vn -0.8648 -0.2363 0.4431
vn -0.1773 0.9840 0.0150
vn -0.7639 0.6453 0.0005
vn -0.1865 0.8453 0.5007
vn 0.9532 0.2766 -0.1223
vn 0.8251 -0.0893 -0.5579
vn 0.6262 0.6913 -0.3606
vn 0.7581 0.2533 0.6009
vn 0.9074 -0.1170 0.4036
vn -0.2774 0.2309 0.9326
vn 0.2809 0.2663 0.9220
vn 0.0704 -0.1514 0.9860
vn 0.4898 -0.1010 0.8660
vn 0.2428 0.8240 0.5119
vn -0.8405 0.2474 -0.4819
vn -0.6914 0.4986 -0.5228
vn -0.5286 0.1320 -0.8386
vn -0.2541 0.3219 -0.9121
vn -0.0279 0.1308 -0.9910
vn 0.4543 0.2226 -0.8626
vn 0.5989 -0.3117 -0.7377
vn 0.1166 0.0352 -0.9926
vn -0.5464 0.0415 0.8365
vn -0.1828 0.8392 -0.5122
vn 0.2062 0.9773 0.0479
vn 0.1392 0.8274 -0.5441
vn 0.7853 0.2995 -0.5418
vn 0.8733 -0.3000 -0.3838
vn -0.7008 0.5053 0.5035
vn 0.6191 0.5071 -0.5997
vn -0.8396 0.2411 0.4867
vn 0.9924 0.0736 0.0991
vn 0.9808 -0.1391 0.1364
vn -0.9609 0.2768 -0.0037
vn 0.0918 -0.0182 0.9956
vn 0.0595 0.0280 0.9978
vn -0.1326 0.0074 0.9911
vn -0.1454 -0.0732 -0.9867
vn -0.1042 -0.0645 -0.9925
vn 0.0934 -0.0616 -0.9937
vn 0.3719 0.0175 -0.9281
vn 0.2224 -0.0058 -0.9749
vn -0.4354 -0.0090 0.9002
vn 0.3556 0.0459 0.9335
vn -0.4285 -0.0194 0.9033
vn 0.4919 0.0860 0.8664
vn -1.0000 -0.0038 -0.0000
vn -1.0000 -0.0000 -0.0000
vn -0.8328 -0.0147 0.5534
vn -0.8349 -0.0191 0.5500
vn -0.4600 -0.0398 -0.8870
vn 0.6546 0.0999 -0.7493
vn 0.5801 0.0916 -0.8094
vn 0.9112 0.0921 -0.4015
vn 0.8677 0.1283 -0.4802
vn 0.9966 0.0823 -0.0081
vn -0.8328 -0.0147 -0.5534
vn -0.4285 -0.0194 -0.9033
vn -0.8349 -0.0191 -0.5500
vn 0.9909 0.1342 -0.0036
vn 0.8846 0.0696 0.4611
vn 0.8768 0.0847 0.4732
vn 0.6233 0.0615 0.7796
vn -0.1343 -0.5701 0.8105
vn -0.8078 0.5742 -0.1330
vn -0.8045 -0.5813 -0.1219
vn -0.1240 0.5834 0.8026
vn 0.1096 -0.5915 -0.7988
vn 0.7919 -0.5949 0.1378
vn 0.1387 0.5621 -0.8153
vn 0.8196 0.5605 0.1188
vn -0.8065 -0.5785 0.1222
vn -0.1244 0.5856 -0.8010
vn -0.1346 -0.5674 -0.8124
vn -0.8064 0.5764 0.1321
vn 0.7942 -0.5919 -0.1375
vn 0.1106 -0.5885 0.8009
vn 0.1398 0.5639 0.8139
vn 0.8186 0.5623 -0.1172
vn -0.9292 0.0616 0.3644
vn -0.9338 0.0619 0.3523
vn -0.9340 0.0620 0.3517
vn -0.9290 0.0616 0.3648
vn -0.7019 0.3264 -0.6330
vn -0.7025 0.6937 0.1589
vn 0.1404 0.4989 -0.8552
vn -0.7985 -0.5831 0.1499
vn -0.0437 -0.6934 -0.7193
vn 0.8192 -0.5733 0.0161
vn 0.8376 0.5252 -0.1500
vn 0.1009 0.6821 0.7242
vn 0.0542 -0.4640 0.8842
vn -0.6415 0.4327 0.6335
vn 0.2212 0.8954 -0.3864
vn -0.2298 0.6718 -0.7042
vn -0.0758 0.7010 0.7092
vn 0.6102 -0.4473 -0.6539
vn 0.9252 -0.0098 -0.3794
vn 0.2784 -0.6597 0.6980
vn 0.6549 -0.1996 0.7289
vn -0.7465 -0.5614 0.3571
vn 0.1926 -0.5334 0.8237
vn -0.2513 -0.2147 0.9438
vn 0.5338 0.2226 -0.8158
vn -0.5408 -0.5444 -0.6412
vn -0.3409 0.3987 -0.8514
vn -0.0571 -0.9103 -0.4101
vn -0.7188 0.4988 -0.4843
vn -0.5461 0.6573 0.5194
vn -0.0989 0.6978 0.7095
vn -0.5614 -0.2815 0.7782
vn -0.8042 -0.5338 -0.2614
vn -0.6911 0.7209 -0.0518
vn 0.2432 0.9387 -0.2445
vn 0.7432 0.4890 0.4567
vn 0.8754 -0.4802 -0.0557
vn 0.0430 0.8037 0.5935
vn 0.7347 0.2844 0.6159
vn 0.7348 0.2830 -0.6164
vn 0.0435 0.8035 -0.5937
vn -0.6578 0.4130 -0.6299
vn -1.0000 -0.0012 0.0006
vn -0.6575 0.4133 0.6300
vn 0.4814 -0.6917 -0.5383
vn -0.6629 -0.0383 -0.7477
vn -0.6649 -0.0334 0.7462
vn -0.6028 -0.5699 0.5585
vn -0.5998 -0.5788 -0.5525
vn 0.4766 -0.6928 0.5413
vn 0.5119 0.5211 -0.6830
vn 0.4775 0.7413 -0.4716
vn 0.7374 0.5394 0.4065
vn 0.7906 0.4074 0.4572
vn 0.7813 -0.6194 -0.0767
vn 0.4198 -0.3879 -0.8205
vn 0.9251 0.3380 0.1733
vn 0.4979 0.4053 -0.7667
vn -0.1005 0.3955 0.9130
vn -0.1012 0.1470 0.9839
vn -0.7592 -0.6158 -0.2106
vn -0.3963 -0.7455 0.5358
vn -0.2727 -0.3795 -0.8841
vn -0.3383 0.4194 -0.8424
vn -0.8739 0.3759 0.3083
vn -0.8093 0.5299 0.2537
vn -0.3937 0.7373 -0.5489
vn -0.3686 0.5175 -0.7723
vn -0.9330 0.3598 0.0016
vn 0.3410 0.0169 0.9399
vn -0.5208 0.0356 0.8530
vn 0.2871 -0.7341 0.6154
vn 0.2952 0.8715 -0.3916
vn 0.0490 0.6123 -0.7891
vn 0.0977 0.5597 -0.8229
vn 0.1192 0.5352 -0.8363
vn 0.4447 0.8582 0.2562
vn 0.5258 0.8308 0.1826
vn 0.3389 0.9316 0.1312
vn 0.4793 0.8251 0.2992
vn 0.2745 0.9594 -0.0649
vn 0.2049 0.9628 -0.1760
vn 0.2247 0.9635 -0.1452
vn 0.2937 0.9553 -0.0325
vn 0.6838 0.5077 0.5241
vn 0.7784 0.5097 0.3665
vn -0.7682 0.5999 0.2238
vn -0.3980 0.8748 0.2764
vn -0.4745 0.8501 0.2286
vn -0.7968 0.5707 0.1985
vn -0.9490 0.2572 0.1823
vn -0.9510 0.2542 0.1761
vn -0.3133 0.9176 -0.2448
vn -0.7332 0.6120 -0.2965
vn -0.6451 0.7192 -0.2581
vn 0.4935 -0.0602 0.8676
vn 0.6600 0.4041 0.6334
vn 0.5267 0.1148 0.8423
vn -0.9243 0.2928 -0.2450
vn -0.9231 0.3106 -0.2269
vn -0.2468 0.9566 -0.1547
vn 0.2471 0.6763 0.6939
vn 0.4857 0.3314 0.8089
vn 0.2543 0.6801 0.6876
vn 0.0545 0.6964 0.7156
vn 0.0343 0.6828 0.7298
vn 0.4914 0.5612 -0.6660
vn 0.4541 0.5488 -0.7019
vn 0.0730 -0.0361 0.9967
vn 0.2178 -0.1083 0.9700
vn 0.0463 -0.0721 0.9963
vn 0.2084 -0.1258 0.9699
vn 0.4499 -0.0845 0.8891
vn 0.1531 0.4797 -0.8640
vn 0.1501 0.5097 -0.8471
vn 0.3480 0.9349 0.0694
vn 0.2241 0.8454 -0.4848
vn 0.4449 0.8063 -0.3897
vn 0.4154 0.9051 -0.0905
vn 0.4215 0.9019 -0.0940
vn 0.4405 0.6049 0.6634
vn 0.2653 0.4972 -0.8261
vn 0.4915 0.6013 -0.6299
vn 0.6043 0.6164 -0.5049
vn 0.2673 0.5339 -0.8022
vn 0.7200 0.6006 -0.3477
vn 0.5113 0.8588 -0.0302
vn 0.5501 0.8351 -0.0035
vn 0.7159 0.3804 -0.5854
vn 0.5245 0.4632 0.7143
vn 0.7420 0.5247 -0.4172
vn 0.9439 0.3211 -0.0772
vn 0.4435 0.0434 -0.8952
vt 0.829377 0.632597
vt 0.822804 0.662649
vt 0.767211 0.633972
vt 0.752674 0.603876
vt 0.815575 0.601148
vt 0.878360 0.665203
vt 0.878514 0.598420
vt 0.904649 0.618411
vt 0.770072 0.598180
vt 0.910448 0.617364
vt 0.910448 0.643793
vt 0.901015 0.594557
vt 0.834325 0.676617
vt 0.878514 0.676617
vt 0.278607 0.509594
vt 0.278607 0.496883
vt 0.229542 0.486749
vt 0.834325 0.587486
vt 0.878514 0.587486
vt 0.767211 0.660074
vt 0.770381 0.669830
vt 0.090397 0.517496
vt 0.090397 0.489326
vt 0.041331 0.514576
vt 0.160891 0.485204
vt 0.160891 0.519901
vt 0.230415 0.519557
vt 0.904649 0.642920
vt 0.895873 0.667996
vt 0.772468 0.587791
vt 0.772816 0.676617
vt 0.041331 0.492074
vt 0.020872 0.503411
vt 0.840430 0.143420
vt 0.869114 0.087814
vt 0.839054 0.081240
vt 0.807598 0.095045
vt 0.810327 0.157960
vt 0.871668 0.032245
vt 0.824865 0.005950
vt 0.804869 0.032091
vt 0.804629 0.140559
vt 0.850253 0.000150
vt 0.823817 0.000150
vt 0.801005 0.009585
vt 0.883085 0.032091
vt 0.883085 0.076290
vt 0.395029 0.516643
vt 0.444030 0.526764
vt 0.444030 0.539458
vt 0.793933 0.032091
vt 0.793933 0.076290
vt 0.876296 0.140250
vt 0.866538 0.143420
vt 0.207062 0.544433
vt 0.256063 0.519216
vt 0.256063 0.547350
vt 0.395900 0.549408
vt 0.326466 0.549751
vt 0.326466 0.515099
vt 0.849380 0.005950
vt 0.874462 0.014728
vt 0.794238 0.138161
vt 0.883085 0.137813
vt 0.207062 0.521961
vt 0.186629 0.533283
vt 0.546400 0.393860
vt 0.574267 0.285512
vt 0.604483 0.410333
vt 0.488259 0.260564
vt 0.487792 0.285564
vt 0.462203 0.285733
vt 0.315755 0.485075
vt 0.322672 0.465867
vt 0.367450 0.484972
vt 0.368344 0.285919
vt 0.408361 0.285840
vt 0.395595 0.387642
vt 0.490044 0.468616
vt 0.455556 0.484917
vt 0.488704 0.442315
vt 0.441388 0.442291
vt 0.413263 0.463318
vt 0.378701 0.442415
vt 0.552679 0.442071
vt 0.513521 0.442266
vt 0.486499 0.413173
vt 0.523516 0.285612
vt 0.342033 0.442013
vt 0.495487 0.485075
vt 0.413478 0.484881
vt 0.356569 0.410824
vt 0.436299 0.387562
vt 0.607980 0.441961
vt 0.599700 0.249443
vt 0.399692 0.244388
vt 0.327226 0.249982
vt 0.031448 0.074851
vt 0.061667 0.199685
vt 0.089537 0.091325
vt 0.173743 0.199464
vt 0.148151 0.199633
vt 0.147684 0.224636
vt 0.268505 0.000204
vt 0.313288 0.019312
vt 0.320206 0.000102
vt 0.240357 0.097544
vt 0.227590 0.199357
vt 0.267611 0.199278
vt 0.147239 0.042866
vt 0.180391 0.000260
vt 0.145899 0.016562
vt 0.257253 0.042766
vt 0.222687 0.021861
vt 0.194560 0.042890
vt 0.122419 0.042915
vt 0.083258 0.043110
vt 0.149444 0.072011
vt 0.112423 0.199585
vt 0.293925 0.043167
vt 0.140456 0.000102
vt 0.222473 0.000295
vt 0.279387 0.074360
vt 0.199649 0.097625
vt 0.027950 0.043220
vt 0.036232 0.235758
vt 0.236260 0.240813
vt 0.308733 0.235219
vt 0.391444 0.199381
vt 0.390691 0.165497
vt 0.437133 0.201424
vt 0.576775 0.251147
vt 0.528343 0.251717
vt 0.473265 0.191281
vt 0.517232 0.191312
vt 0.632832 0.198667
vt 0.600763 0.179417
vt 0.551183 0.163284
vt 0.551260 0.202383
vt 0.442737 0.169304
vt 0.350140 0.199582
vt 0.198815 0.283782
vt 0.245262 0.319713
vt 0.244508 0.285824
vt 0.059159 0.234054
vt 0.118708 0.293894
vt 0.162679 0.293926
vt 0.107595 0.233484
vt 0.003096 0.286539
vt 0.035168 0.305790
vt 0.084676 0.282823
vt 0.084754 0.321926
vt 0.193211 0.315905
vt 0.285817 0.285624
vt 0.495478 0.090171
vt 0.476071 0.090210
vt 0.486371 0.000972
vt 0.510930 0.000923
vt 0.550089 0.000845
vt 0.613589 0.021217
vt 0.599840 0.016742
vt 0.586412 0.000774
vt 0.560655 0.090042
vt 0.383496 0.044540
vt 0.407711 0.001127
vt 0.456578 0.090248
vt 0.359075 0.028119
vt 0.382895 0.001176
vt 0.632789 0.089900
vt 0.333523 0.090492
vt 0.383414 0.090393
vt 0.283974 0.090590
vt 0.313133 0.028210
vt 0.470399 0.001003
vt 0.635572 0.021174
vt 0.149572 0.484255
vt 0.159873 0.395007
vt 0.140464 0.395046
vt 0.085848 0.484381
vt 0.125010 0.484303
vt 0.049521 0.484453
vt 0.036091 0.468482
vt 0.022341 0.464007
vt 0.075280 0.395175
vt 0.179368 0.394969
vt 0.228240 0.484099
vt 0.252458 0.440682
vt 0.253059 0.484050
vt 0.276881 0.457104
vt 0.003139 0.395317
vt 0.252539 0.394824
vt 0.302436 0.394725
vt 0.322828 0.457013
vt 0.351990 0.394627
vt 0.165546 0.484223
vt 0.000356 0.464050
vt 0.313778 0.180577
vt 0.322183 0.304630
vt 0.337218 0.723966
vt 0.334023 0.697102
vt 0.389702 0.693093
vt 0.330610 0.673920
vt 0.278343 0.701110
vt 0.382932 0.666716
vt 0.367062 0.580001
vt 0.337327 0.580001
vt 0.363921 0.551511
vt 0.343718 0.551511
vt 0.223422 0.683344
vt 0.278235 0.661137
vt 0.400372 0.726241
vt 0.363921 0.763343
vt 0.342147 0.763722
vt 0.291396 0.772388
vt 0.291559 0.621544
vt 0.323136 0.639093
vt 0.382011 0.640501
vt 0.385694 0.610765
vt 0.291559 0.588125
vt 0.291667 0.559852
vt 0.291396 0.728245
vt 0.329419 0.613853
vt 0.403135 0.638118
vt 0.223422 0.744873
vt 0.223422 0.724183
vt 0.223422 0.653663
vt 0.223422 0.620244
vt 0.223422 0.587692
vt 0.223422 0.770872
vt 0.071753 0.586754
vt 0.089523 0.531817
vt 0.048673 0.531817
vt 0.152641 0.531817
vt 0.151341 0.599974
vt 0.184769 0.599974
vt 0.119213 0.531817
vt 0.106156 0.691372
vt 0.133787 0.631559
vt 0.098950 0.639036
vt 0.185202 0.531817
vt 0.213050 0.600082
vt 0.111736 0.586646
vt 0.044610 0.599811
vt 0.027977 0.531817
vt 0.000454 0.599811
vt 0.001971 0.531817
vt 0.159034 0.637844
vt 0.162122 0.694135
vt 0.192896 0.645754
vt 0.075762 0.642449
vt 0.079771 0.698145
vt 0.132378 0.690451
vt 0.048890 0.645646
vt 0.134762 0.711581
vt 0.192896 0.675498
vt 0.221393 0.652147
vt 0.046614 0.708818
vt 0.009123 0.650576
vt 0.009502 0.672356
vt 0.221393 0.672356
vt 0.192896 0.709251
vt 0.221176 0.753731
vt 0.221393 0.709251
vt 0.157463 0.753731
vt 0.111682 0.753731
vt 0.000454 0.753731
vt 0.025918 0.753731
vt 0.007064 0.708818
vt 0.445274 0.710588
vt 0.445274 0.746931
vt 0.400372 0.765780
vt 0.445274 0.772388
vt 0.400806 0.551511
vt 0.400806 0.580001
vt 0.397881 0.665362
vt 0.445274 0.661191
vt 0.445274 0.615423
vt 0.445274 0.551728
vt 0.062272 0.753731
vt 0.107511 0.706325
vt 0.628546 0.145539
vt 0.628546 0.125211
vt 0.664450 0.141570
vt 0.647589 0.170197
vt 0.672940 0.123688
vt 0.649216 0.215905
vt 0.651715 0.187959
vt 0.688095 0.203235
vt 0.684921 0.221077
vt 0.630094 0.101155
vt 0.641440 0.085758
vt 0.798567 0.281653
vt 0.767068 0.243725
vt 0.755723 0.259121
vt 0.754176 0.283176
vt 0.774844 0.373866
vt 0.810548 0.379038
vt 0.813721 0.361197
vt 0.777343 0.345921
vt 0.790078 0.299534
vt 0.773217 0.328160
vt 0.754176 0.303503
vt 0.696783 0.139244
vt 0.729195 0.154360
vt 0.747579 0.132295
vt 0.791045 0.164624
vt 0.734353 0.127577
vt 0.791045 0.228856
vt 0.718960 0.228856
vt 0.791045 0.196259
vt 0.791045 0.076497
vt 0.791045 0.109935
vt 0.728918 0.088044
vt 0.693133 0.179259
vt 0.791045 0.130945
vt 0.718960 0.064629
vt 0.660919 0.075534
vt 0.859977 0.285542
vt 0.818759 0.337221
vt 0.916667 0.288909
vt 0.916667 0.267901
vt 0.916667 0.354221
vt 0.854542 0.246010
vt 0.822409 0.297209
vt 0.854820 0.312324
vt 0.786547 0.233501
vt 0.873203 0.290260
vt 0.844585 0.222596
vt 0.916667 0.234464
vt 0.844585 0.386816
vt 0.916667 0.322587
vt 0.916667 0.386816
vt 0.679327 0.064629
vt 0.804954 0.222596
vt 0.088947 0.810993
vt 0.070519 0.826636
vt 0.056089 0.806643
vt 0.057288 0.832283
vt 0.106734 0.833479
vt 0.106734 0.847444
vt 0.098540 0.831520
vt 0.039261 0.756507
vt 0.010721 0.790821
vt 0.022992 0.756507
vt 0.053611 0.852073
vt 0.053571 0.839482
vt 0.057288 0.845943
vt 0.143189 0.857797
vt 0.119046 0.859806
vt 0.119445 0.854897
vt 0.109452 0.837294
vt 0.109452 0.824678
vt 0.109452 0.839584
vt 0.028708 0.830019
vt 0.028708 0.847647
vt 0.019595 0.843603
vt 0.019994 0.799088
vt 0.020394 0.818802
vt 0.109452 0.856983
vt 0.157339 0.790440
vt 0.144868 0.806312
vt 0.142909 0.811730
vt 0.010481 0.818522
vt 0.000848 0.817352
vt 0.000808 0.789448
vt 0.143109 0.839228
vt 0.162935 0.858560
vt 0.153062 0.858560
vt 0.152902 0.819539
vt 0.144428 0.844086
vt 0.144508 0.819616
vt 0.047855 0.855533
vt 0.029068 0.844697
vt 0.029108 0.856423
vt 0.024751 0.858916
vt 0.019914 0.852048
vt 0.109452 0.833479
vt 0.162935 0.816614
vt 0.090306 0.829282
vt 0.019674 0.831012
vt 0.009921 0.836074
vt 0.002327 0.835692
vt 0.125561 0.797079
vt 0.078514 0.756507
vt 0.052972 0.756507
vt 0.104376 0.806541
vt 0.106734 0.824678
vt 0.042779 0.860697
vt 0.038062 0.854999
vt 0.087548 0.829282
vt 0.076995 0.845587
vt 0.033785 0.860697
vt 0.029188 0.855024
vt 0.150224 0.760195
vt 0.162935 0.782707
vt 0.053051 0.860544
vt 0.015917 0.845053
vt 0.106734 0.860468
vt 0.098540 0.848919
vt 0.070519 0.840779
vt 0.076995 0.860468
vt 0.070519 0.860671
vt 0.087548 0.845205
vt 0.098540 0.860468
vt 0.090306 0.860468
vt 0.090306 0.845205
vt 0.028548 0.837396
vt 0.019714 0.819107
vt 0.087548 0.860468
vt 0.113669 0.756507
vt 0.115928 0.801047
vt 0.119206 0.845409
vt 0.001047 0.766910
vt 0.045976 0.785123
vt 0.335965 0.821581
vt 0.350392 0.841570
vt 0.368814 0.825929
vt 0.337164 0.847215
vt 0.378406 0.846452
vt 0.386598 0.862372
vt 0.386598 0.848411
vt 0.302875 0.771456
vt 0.290607 0.805763
vt 0.319140 0.771456
vt 0.337164 0.860872
vt 0.333447 0.854412
vt 0.333487 0.867001
vt 0.399306 0.869823
vt 0.398907 0.874732
vt 0.423044 0.872723
vt 0.389316 0.854514
vt 0.389316 0.839611
vt 0.389316 0.852225
vt 0.299478 0.858532
vt 0.308590 0.862576
vt 0.308590 0.844952
vt 0.300278 0.833737
vt 0.299878 0.814028
vt 0.389316 0.871909
vt 0.422765 0.826667
vt 0.424723 0.821250
vt 0.437191 0.805381
vt 0.280696 0.804389
vt 0.280736 0.832287
vt 0.290367 0.833457
vt 0.422965 0.854158
vt 0.432756 0.834474
vt 0.432915 0.873486
vt 0.442786 0.873486
vt 0.424363 0.834551
vt 0.424283 0.859015
vt 0.308950 0.859626
vt 0.327732 0.870459
vt 0.299798 0.866975
vt 0.304634 0.873842
vt 0.308990 0.871349
vt 0.389316 0.848411
vt 0.442786 0.831550
vt 0.370173 0.844214
vt 0.289807 0.851005
vt 0.299558 0.845944
vt 0.282214 0.850623
vt 0.405421 0.812019
vt 0.332848 0.771456
vt 0.358384 0.771456
vt 0.386598 0.839611
vt 0.384240 0.821479
vt 0.317941 0.869925
vt 0.322657 0.875622
vt 0.356866 0.860516
vt 0.367416 0.844214
vt 0.309070 0.869951
vt 0.313665 0.875622
vt 0.442786 0.797650
vt 0.430078 0.775144
vt 0.332927 0.875469
vt 0.295802 0.859982
vt 0.378406 0.863847
vt 0.386598 0.875393
vt 0.350392 0.855709
vt 0.350392 0.875596
vt 0.356866 0.875393
vt 0.367416 0.860134
vt 0.370173 0.860134
vt 0.370173 0.875393
vt 0.378406 0.875393
vt 0.308430 0.852327
vt 0.299598 0.834042
vt 0.367416 0.875393
vt 0.395790 0.815986
vt 0.393531 0.771456
vt 0.399067 0.860338
vt 0.280936 0.781857
vt 0.325854 0.800066
vt 0.484824 0.638439
vt 0.459179 0.641409
vt 0.491389 0.606002
vt 0.459179 0.658282
vt 0.585559 0.834845
vt 0.585559 0.770564
vt 0.545860 0.835082
vt 0.459179 0.537325
vt 0.505956 0.577129
vt 0.459179 0.563108
vt 0.459179 0.602556
vt 0.585559 0.882490
vt 0.546887 0.882728
vt 0.472822 0.810249
vt 0.502879 0.823557
vt 0.478465 0.770564
vt 0.585559 0.495501
vt 0.511905 0.526632
vt 0.487286 0.495501
vt 0.545860 0.706046
vt 0.585559 0.706403
vt 0.390891 0.913627
vt 0.416516 0.898849
vt 0.392094 0.898735
vt 0.459179 0.770564
vt 0.459179 0.787317
vt 0.394599 0.884076
vt 0.382356 0.887762
vt 0.459179 0.520453
vt 0.295558 0.915423
vt 0.348942 0.909185
vt 0.298898 0.899160
vt 0.585559 0.543979
vt 0.541655 0.604576
vt 0.585559 0.588655
vt 0.585559 0.658757
vt 0.032338 0.218905
vt 0.026883 0.206293
vt 0.032338 0.197124
vt 0.546887 0.658519
vt 0.417910 0.881336
vt 0.459179 0.753930
vt 0.459179 0.842568
vt 0.415548 0.915423
vt 0.459179 0.882728
vt 0.000000 0.002671
vt 0.000000 0.008230
vt 0.000000 0.014925
vt 0.000000 0.022572
vt 0.000000 0.034826
vt 0.000000 0.028130
vt 0.535196 0.446191
vt 0.554123 0.446191
vt 0.547935 0.461929
vt 0.572139 0.455395
vt 0.572139 0.482447
vt 0.512438 0.466142
vt 0.499503 0.475776
vt 0.512438 0.490316
vt 0.024876 0.469100
vt 0.012163 0.466279
vt 0.012163 0.497512
vt 0.878225 0.802764
vt 0.852990 0.793377
vt 0.822523 0.816428
vt 0.001618 0.318000
vt 0.017413 0.321949
vt 0.001618 0.333981
vt 0.868890 0.536018
vt 0.838731 0.526513
vt 0.879353 0.504056
vt 0.001618 0.299981
vt 0.017413 0.299488
vt 0.879250 0.495501
vt 0.522457 0.482587
vt 0.523367 0.461929
vt 0.838731 0.464609
vt 0.879353 0.486946
vt 0.011929 0.501144
vt 0.011929 0.525042
vt 0.024876 0.510748
vt 0.746269 0.624378
vt 0.726626 0.607728
vt 0.746269 0.594096
vt 0.017413 0.346940
vt 0.001618 0.353234
vt 0.501287 0.461929
vt 0.519485 0.446191
vt 0.501772 0.446191
vt 0.822523 0.724820
vt 0.852990 0.747751
vt 0.878225 0.738484
vt 0.338245 0.219351
vt 0.338308 0.197026
vt 0.319538 0.196145
vt 0.868890 0.455103
vt 0.495281 0.447315
vt 0.319538 0.241294
vt 0.472822 0.730642
vt 0.484824 0.638439
vt 0.502879 0.717690
vt 0.459179 0.698679
vt 0.459179 0.740741
vt 0.702092 0.495501
vt 0.682089 0.562158
vt 0.656751 0.495501
vt 0.767847 0.770564
vt 0.756255 0.818448
vt 0.746510 0.840785
vt 0.722916 0.700462
vt 0.673472 0.725176
vt 0.731943 0.770564
vt 0.682089 0.428845
vt 0.756255 0.722681
vt 0.673472 0.815953
vt 0.722916 0.840785
vt 0.683525 0.770564
vt 0.746510 0.700462
vt 0.673472 0.702007
vt 0.673472 0.839241
vt 0.809085 0.772228
vt 0.673472 0.866688
vt 0.839756 0.568693
vt 0.816779 0.544811
vt 0.877917 0.846726
vt 0.822831 0.846726
vt 0.794826 0.843875
vt 0.800057 0.585446
vt 0.822831 0.694521
vt 0.877917 0.694521
vt 0.800057 0.405556
vt 0.839756 0.422310
vt 0.816779 0.446311
vt 0.794826 0.697372
vt 0.526164 0.770564
vt 0.585559 0.447737
vt 0.770719 0.677293
vt 0.767745 0.412686
vt 0.748767 0.454747
vt 0.673472 0.674559
vt 0.753999 0.658044
vt 0.736662 0.412448
vt 0.697373 0.660777
vt 0.684140 0.602675
vt 0.724558 0.658281
vt 0.737072 0.578436
vt 0.682089 0.562158
vt 0.724865 0.608022
vt 0.762104 0.955224
vt 0.773143 0.865216
vt 0.825871 0.954006
vt 0.747433 0.495501
vt 0.684141 0.602675
vt 0.748767 0.536256
vt 0.737072 0.578436
vt 0.724558 0.882965
vt 0.697373 0.880351
vt 0.767745 0.578318
vt 0.753999 0.883085
vt 0.770719 0.863955
vt 0.317116 0.875936
vt 0.459179 0.495501
vt 0.734508 0.638320
vt 0.697373 0.660777
vt 0.825871 0.852167
vt 0.020529 0.527363
vt 0.504119 0.492537
vt 0.361024 0.005373
vt 0.357559 0.019389
vt 0.352950 0.000157
vt 0.957478 0.868743
vt 0.945889 0.897021
vt 0.944033 0.869537
vt 0.941547 0.900332
vt 0.975089 0.977060
vt 0.966196 0.977060
vt 0.975124 0.868743
vt 0.352950 0.019900
vt 0.265436 0.475464
vt 0.273632 0.468904
vt 0.273632 0.492537
vt 0.363184 0.010525
vt 0.925756 0.839914
vt 0.929818 0.840121
vt 0.935000 0.869951
vt 0.863259 0.869537
vt 0.860633 0.894055
vt 0.849744 0.868709
vt 0.851740 0.919954
vt 0.840116 0.868709
vt 0.840886 0.977060
vt 0.832063 0.868709
vt 0.872362 0.869916
vt 0.866025 0.904263
vt 0.832028 0.977060
vt 0.958808 0.977060
vt 0.967106 0.868743
vt 0.848309 0.977060
vt 0.858077 0.959921
vt 0.858392 0.927747
vt 0.861718 0.944541
vt 0.949250 0.960370
vt 0.949215 0.928471
vt 0.945854 0.972336
vt 0.860003 0.974336
vt 0.876073 0.887227
vt 0.883986 0.853984
vt 0.886087 0.871433
vt 0.899217 0.916781
vt 0.894910 0.914057
vt 0.900022 0.896987
vt 0.894595 0.846535
vt 0.881536 0.839845
vt 0.903628 0.878261
vt 0.900337 0.874468
vt 0.903628 0.856467
vt 0.887418 0.974750
vt 0.882516 0.974164
vt 0.886717 0.953128
vt 0.894175 0.873054
vt 0.893685 0.889228
vt 0.898797 0.942576
vt 0.890954 0.932575
vt 0.871627 0.919436
vt 0.862944 0.969094
vt 0.863539 0.977612
vt 0.871102 0.971129
vt 0.879049 0.946852
vt 0.944978 0.947576
vt 0.903628 0.882469
vt 0.899882 0.882469
vt 0.865640 0.916229
vt 0.895155 0.856467
vt 0.903664 0.839052
vt 0.903664 0.849156
vt 0.888608 0.943645
vt 0.902438 0.916643
vt 0.899182 0.922436
vt 0.899812 0.890400
vt 0.903628 0.888607
vt 0.902438 0.922747
vt 0.903664 0.915264
vt 0.901528 0.964991
vt 0.903593 0.975612
vt 0.899777 0.967094
vt 0.893545 0.974681
vt 0.903628 0.897504
vt 0.903628 0.889710
vt 0.899812 0.889228
vt 0.903664 0.907642
vt 0.029851 0.313883
vt 0.020844 0.328358
vt 0.020844 0.298714
vt 0.893615 0.958887
vt 0.903558 0.964784
vt 0.903698 0.922747
vt 0.913292 0.889228
vt 0.912977 0.873296
vt 0.921170 0.871433
vt 0.943928 0.968543
vt 0.943193 0.976647
vt 0.904959 0.922781
vt 0.908670 0.942576
vt 0.905554 0.964784
vt 0.936400 0.972681
vt 0.915358 0.956956
vt 0.918404 0.943231
vt 0.920119 0.961404
vt 0.907410 0.890607
vt 0.907410 0.897056
vt 0.907410 0.882469
vt 0.925791 0.974371
vt 0.914482 0.975198
vt 0.911856 0.969232
vt 0.915183 0.969232
vt 0.911926 0.856467
vt 0.908320 0.922678
vt 0.911856 0.914057
vt 0.907130 0.874675
vt 0.907410 0.889435
vt 0.919909 0.974612
vt 0.923200 0.853984
vt 0.931814 0.887227
vt 0.912697 0.846535
vt 0.908810 0.961991
vt 0.911541 0.956921
vt 0.908600 0.956301
vt 0.936330 0.918195
vt 0.904889 0.915022
vt 0.928802 0.946645
vt 0.940462 0.920022
vt 0.264647 0.487273
vt 0.908285 0.915919
vt 0.104174 0.003235
vt 0.099547 0.014925
vt 0.100843 0.003054
vt 0.104478 0.011488
vt 0.096621 0.013111
vt 0.096621 0.005298
vt 0.245796 0.551691
vt 0.249872 0.567164
vt 0.253728 0.551691
vt 0.245958 0.567164
vt 0.239941 0.551691
vt 0.239941 0.567164
vt 0.253731 0.567164
vt 0.761194 0.654229
vt 0.747576 0.627318
vt 0.761194 0.627318
vt 0.740768 0.654229
vt 0.740768 0.627318
vt 0.186567 0.759406
vt 0.177424 0.759406
vt 0.186567 0.781095
vt 0.167418 0.781095
vt 0.167418 0.759406
vt 0.189055 0.830846
vt 0.180034 0.805432
vt 0.176794 0.830846
vt 0.166020 0.805464
vt 0.166020 0.830846
vt 0.189055 0.805242
vt 0.934179 0.125031
vt 0.938476 0.150827
vt 0.975064 0.128932
vt 0.975124 0.105278
vt 0.952534 0.105278
vt 0.967954 0.151741
vt 0.945090 0.812840
vt 0.908055 0.834746
vt 0.903853 0.808692
vt 0.945274 0.788971
vt 0.922457 0.788959
vt 0.937797 0.835821
vt 0.934080 0.105697
vt 0.903853 0.789181
vt 0.979972 0.342795
vt 0.969725 0.373134
vt 0.922891 0.342521
vt 0.980099 0.308078
vt 0.922748 0.308078
vt 0.928208 0.372772
vt 0.758569 0.941867
vt 0.713346 0.912306
vt 0.703451 0.941602
vt 0.758707 0.975124
vt 0.703328 0.975124
vt 0.753435 0.912657
vt 0.260949 0.960199
vt 0.293532 0.955055
vt 0.261131 0.902068
vt 0.228333 0.960199
vt 0.228547 0.902068
vt 0.293532 0.904979
vt 0.030068 0.926936
vt 0.059701 0.975395
vt 0.029902 0.980100
vt 0.000269 0.926936
vt 0.000073 0.980100
vt 0.059701 0.929598
vt 0.119403 0.004385
vt 0.111359 0.011908
vt 0.119403 0.012438
vt 0.865607 0.577551
vt 0.885157 0.584577
vt 0.884842 0.542860
vt 0.867485 0.542860
vt 0.898904 0.542860
vt 0.905473 0.584577
vt 0.879836 0.533471
vt 0.109091 0.001411
vt 0.621814 0.437811
vt 0.625032 0.433167
vt 0.636816 0.434930
vt 0.625032 0.413431
vt 0.612819 0.410976
vt 0.612819 0.435841
vt 0.636816 0.410976
vt 0.952106 0.469629
vt 0.970896 0.469629
vt 0.952106 0.494495
vt 0.878595 0.474505
vt 0.878595 0.461378
vt 0.904136 0.460965
vt 0.009366 0.251671
vt 0.000058 0.241463
vt 0.012438 0.207857
vt 0.952106 0.512873
vt 0.928290 0.512873
vt 0.941229 0.532338
vt 0.892434 0.528813
vt 0.927690 0.494495
vt 1.000000 0.446563
vt 0.970633 0.446563
vt 0.979222 0.415546
vt 0.952106 0.423310
vt 0.957544 0.396831
vt 0.897160 0.504622
vt 0.000058 0.263682
vt 0.894422 0.421697
vt 0.879157 0.417084
vt 0.905524 0.390117
vt 0.979597 0.521349
vt 0.952106 0.446563
vt 0.925927 0.469629
vt 0.925289 0.447163
vt 0.233913 0.549418
vt 0.238806 0.573419
vt 0.223449 0.582090
vt 0.970633 0.494495
vt 0.903761 0.451927
vt 0.999963 0.494495
vt 0.000058 0.220144
vt 0.004146 0.205247
vt 0.223449 0.560562
vt 0.889472 0.434487
vt 0.878595 0.451739
vt 0.887071 0.443600
vt 0.233152 0.581546
vt 0.999963 0.469629
vt 0.000058 0.203145
vt 0.913314 0.072096
vt 0.985075 0.073806
vt 0.913314 0.078397
vt 0.913314 0.026009
vt 0.985075 0.026327
vt 0.913314 0.032261
vt 0.913314 0.038807
vt 0.985075 0.034777
vt 0.985075 0.086335
vt 0.913314 0.065550
vt 0.913314 0.085993
vt 0.985075 0.064134
vt 0.985075 0.101966
vt 0.913314 0.101990
vt 0.913314 0.094101
vt 0.985075 0.094004
vt 0.985075 0.018047
vt 0.913314 0.043276
vt 0.985075 0.040248
vt 0.985075 0.047209
vt 0.913314 0.047502
vt 0.985075 0.052215
vt 0.913314 0.010256
vt 0.913314 0.002465
vt 0.985075 0.002416
vt 0.913314 0.018365
vt 0.985075 0.010354
vt 0.913314 0.052191
vt 0.985075 0.057149
vt 0.913314 0.056856
vt 0.913314 0.061081
vt 0.624378 0.960199
vt 0.531373 0.916663
vt 0.624378 0.916663
vt 0.531434 0.960199
vt 0.825871 0.161869
vt 0.799171 0.218905
vt 0.825871 0.218905
vt 0.799171 0.161906
vt 0.119403 0.865342
vt 0.119403 0.889280
vt 0.002566 0.865322
vt 0.531236 0.888496
vt 0.639303 0.910448
vt 0.639262 0.888315
vt 0.945274 0.303483
vt 0.921368 0.232610
vt 0.945274 0.232610
vt 0.921368 0.303483
vt 0.002387 0.920221
vt 0.119403 0.920398
vt 0.002417 0.889064
vt 0.531139 0.910448
vt 0.302517 0.960199
vt 0.395462 0.916663
vt 0.302517 0.916663
vt 0.395522 0.960199
vt 0.791045 0.057214
vt 0.764345 0.000214
vt 0.791045 0.000177
vt 0.764345 0.057214
vt 0.643567 0.888576
vt 0.751244 0.910448
vt 0.751203 0.888395
vt 0.910448 0.109412
vt 0.888315 0.109453
vt 0.910266 0.001385
vt 0.628133 0.916393
vt 0.699005 0.940298
vt 0.699005 0.916392
vt 0.628133 0.940298
vt 0.637591 0.034826
vt 0.761162 0.001728
vt 0.761194 0.034639
vt 0.637591 0.001956
vt 0.643470 0.910448
vt 0.888315 0.001288
vt 0.009950 0.517413
vt 0.000780 0.466124
vt 0.009950 0.466124
vt 0.000780 0.517413
vt 0.507233 0.975124
vt 0.507233 0.948936
vt 0.527363 0.948936
vt 0.507233 0.962580
vt 0.419529 0.948936
vt 0.419529 0.974856
vt 0.001185 0.045224
vt 0.027222 0.199005
vt 0.001185 0.199005
vt 0.027363 0.045224
vt 0.507233 0.903530
vt 0.527283 0.903530
vt 0.419529 0.903530
vt 0.507233 0.885222
vt 0.419529 0.885222
vt 0.094527 0.001739
vt 0.003141 0.009950
vt 0.094527 0.009950
vt 0.002807 0.001739
vt 0.089552 0.012424
vt 0.004909 0.014925
vt 0.004909 0.012424
vt 0.089552 0.014925
vt 0.218905 0.587065
vt 0.209614 0.550500
vt 0.209641 0.587065
vt 0.218878 0.550500
vt 0.024876 0.243781
vt 0.015759 0.206094
vt 0.024847 0.206094
vt 0.015787 0.243781
vt 0.310819 0.266169
vt 0.313433 0.186481
vt 0.313433 0.266169
vt 0.310819 0.186481
vt 0.946104 0.683384
vt 0.975087 0.721378
vt 0.946274 0.721393
vt 0.975124 0.683374
vt 0.900026 0.115222
vt 0.918160 0.110037
vt 0.873406 0.187095
vt 0.930348 0.222045
vt 0.858359 0.217358
vt 0.857206 0.183537
vt 0.298300 0.265024
vt 0.298300 0.281279
vt 0.302717 0.288557
vt 0.302747 0.256546
vt 0.004212 0.263462
vt 0.012438 0.266056
vt 0.005091 0.278607
vt 0.756229 0.407960
vt 0.756229 0.387825
vt 0.781095 0.379681
vt 0.773650 0.407837
vt 0.862445 0.790796
vt 0.870647 0.759189
vt 0.842809 0.768448
vt 0.842913 0.791024
vt 0.834752 0.791045
vt 0.834752 0.768510
vt 0.308458 0.272282
vt 0.922260 0.228856
vt 0.842851 0.757553
vt 0.870523 0.744815
vt 0.930348 0.114922
vt 0.176183 0.837026
vt 0.166550 0.845014
vt 0.173370 0.855721
vt 0.286070 0.855721
vt 0.012438 0.254609
vt 0.857486 0.221179
vt 0.280726 0.882209
vt 0.280726 0.898010
vt 0.125561 0.898010
vt 0.125561 0.882209
vt 0.752488 0.411265
vt 0.676861 0.319647
vt 0.752488 0.231320
vt 0.223881 0.940299
vt 0.122047 0.940299
vt 0.162166 0.905385
vt 0.676861 0.231747
vt 0.281095 0.860276
vt 0.125877 0.860236
vt 0.620517 0.235465
vt 0.315256 0.272335
vt 0.328358 0.308458
vt 0.328358 0.267622
vt 0.620517 0.407303
vt 0.906913 0.537399
vt 0.910376 0.596715
vt 0.945274 0.535029
vt 0.917310 0.636483
vt 0.945274 0.636816
vt 0.221510 0.901921
vt 0.434659 0.496215
vt 0.447761 0.491503
vt 0.447761 0.532338
vt 0.676861 0.411692
vt 0.610194 0.407303
vt 0.610194 0.235465
vt 0.621745 0.407303
vt 0.621745 0.235404
vt 0.122380 0.912322
vt 0.771144 0.332680
vt 0.758420 0.332680
vt 0.758440 0.358209
vt 0.771144 0.358209
vt 0.640185 0.038567
vt 0.640608 0.062189
vt 0.720461 0.037480
vt 0.716892 0.061183
vt 0.761194 0.062189
vt 0.758420 0.345444
vt 0.771144 0.345444
vt 0.116915 0.954413
vt 0.064080 0.954888
vt 0.107195 0.980100
vt 0.885268 0.669709
vt 0.918368 0.669826
vt 0.885268 0.743375
vt 0.918397 0.743375
vt 0.896116 0.786070
vt 0.623930 0.150944
vt 0.626652 0.184080
vt 0.612593 0.153952
vt 0.940298 0.747108
vt 0.916880 0.786070
vt 0.225253 0.774945
vt 0.225253 0.810945
vt 0.276119 0.774766
vt 0.144279 0.019028
vt 0.144279 0.039694
vt 0.049714 0.019135
vt 0.049714 0.039801
vt 0.002111 0.039765
vt 0.002111 0.029896
vt 0.761026 0.049031
vt 0.929567 0.786070
vt 0.276119 0.810945
vt 0.165432 0.793840
vt 0.073181 0.926064
vt 0.422886 0.512333
vt 0.330483 0.491235
vt 0.330483 0.512438
vt 0.283968 0.502759
vt 0.283968 0.512403
vt 0.631841 0.164970
vt 0.106887 0.925780
vt 0.612593 0.171517
vt 0.940211 0.669709
vt 0.906178 0.786070
vt 0.422886 0.491130
vt 0.073628 0.980100
vt 0.243977 0.845771
vt 0.243977 0.813444
vt 0.273632 0.813444
vt 0.273632 0.845771
vt 0.156716 0.942823
vt 0.122521 0.942823
vt 0.122521 0.980099
vt 0.156716 0.980099
vt 0.308458 0.459825
vt 0.278450 0.459825
vt 0.278450 0.492537
vt 0.308458 0.492537
vt 0.846661 0.391315
vt 0.854750 0.391315
vt 0.846661 0.422886
vt 0.175884 0.980099
vt 0.159951 0.980099
vt 0.159951 0.942950
vt 0.175884 0.942950
vt 0.194030 0.942950
vt 0.194030 0.980099
vt 0.936831 0.196517
vt 0.954734 0.196517
vt 0.954734 0.154773
vt 0.875622 0.422886
vt 0.854750 0.422886
vt 0.875622 0.391315
vt 0.975124 0.196517
vt 0.975124 0.154773
vt 0.936831 0.154773
vt 0.961113 0.640234
vt 0.944443 0.640234
vt 0.961113 0.679104
vt 0.980099 0.679104
vt 0.980099 0.640234
vt 0.628381 0.975124
vt 0.628381 0.944236
vt 0.641629 0.975124
vt 0.975124 0.758706
vt 0.962178 0.758706
vt 0.975124 0.724028
vt 0.962178 0.724028
vt 0.943313 0.758706
vt 0.656716 0.975124
vt 0.656716 0.944236
vt 0.641629 0.944236
vt 0.943313 0.724028
vt 0.944443 0.679104
vt 0.325110 0.001224
vt 0.325110 0.009920
vt 0.348259 0.006155
vt 0.348259 0.001224
vt 0.325110 0.020354
vt 0.348259 0.015891
vt 0.348259 0.020008
vt 0.325110 0.024876
vt 0.348259 0.024876
s 1
usemtl Snake
f 1/1/1 2/2/2 3/3/3
f 4/4/4 5/5/5 3/3/3
f 6/6/6 2/2/2 1/1/1
f 7/7/7 8/8/8 1/1/1
f 7/7/7 1/1/1 5/5/5
f 7/7/7 5/5/5 9/9/9
f 3/3/3 5/5/5 1/1/1
f 8/8/8 10/10/10 11/11/11
f 12/12/12 8/8/8 7/7/7
f 12/12/12 10/10/10 8/8/8
f 13/13/13 6/6/6 14/14/14
f 11/15/11 10/16/10 12/17/12
f 15/18/15 12/19/12 7/7/7
f 16/20/16 2/2/2 17/21/17
f 18/22/18 19/23/19 20/24/20
f 15/25/15 13/26/13 14/27/14
f 21/28/21 6/6/6 1/1/1
f 12/17/12 14/27/14 11/15/11
f 14/27/14 12/17/12 15/25/15
f 3/3/3 2/2/2 16/20/16
f 21/28/21 1/1/1 8/8/8
f 11/11/11 6/6/6 21/28/21
f 11/11/11 14/29/14 6/6/6
f 7/7/7 9/9/9 15/18/15
f 9/9/9 5/5/5 4/4/4
f 11/11/11 21/28/21 8/8/8
f 15/18/15 9/9/9 19/30/19
f 18/31/18 17/21/17 13/13/13
f 17/21/17 6/6/6 13/13/13
f 17/21/17 2/2/2 6/6/6
f 22/32/22 20/24/20 19/23/19
f 22/32/22 23/33/23 20/24/20
f 19/23/19 13/26/13 15/25/15
f 19/23/19 18/22/18 13/26/13
f 24/34/24 25/35/25 26/36/26
f 24/34/24 27/37/27 28/38/28
f 26/36/26 25/35/25 29/39/29
f 26/36/26 30/40/30 31/41/31
f 27/37/27 26/36/26 31/41/31
f 32/42/32 27/37/27 31/41/31
f 26/36/26 27/37/27 24/34/24
f 33/43/33 34/44/34 30/40/30
f 31/41/31 34/44/34 35/45/35
f 31/41/31 30/40/30 34/44/34
f 36/46/36 29/39/29 37/47/37
f 35/48/35 34/49/34 33/50/33
f 31/41/31 35/51/35 38/52/38
f 39/53/39 25/35/25 40/54/40
f 41/55/41 42/56/42 43/57/43
f 36/58/36 37/59/37 38/60/38
f 26/36/26 29/39/29 44/61/44
f 33/50/33 36/58/36 35/48/35
f 38/60/38 35/48/35 36/58/36
f 40/54/40 25/35/25 24/34/24
f 30/40/30 26/36/26 44/61/44
f 44/61/44 36/62/36 33/43/33
f 44/61/44 29/39/29 36/62/36
f 38/52/38 32/42/32 31/41/31
f 28/38/28 27/37/27 32/42/32
f 30/40/30 44/61/44 33/43/33
f 42/63/42 32/42/32 38/52/38
f 37/47/37 39/53/39 43/64/43
f 37/47/37 29/39/29 39/53/39
f 29/39/29 25/35/25 39/53/39
f 42/56/42 41/55/41 45/65/45
f 41/55/41 46/66/46 45/65/45
f 38/60/38 43/57/43 42/56/42
f 38/60/38 37/59/37 43/57/43
f 47/67/47 48/68/48 49/69/49
f 50/70/50 51/71/51 52/72/52
f 53/73/53 54/74/54 55/75/55
f 56/76/56 57/77/57 58/78/58
f 59/79/59 60/80/60 61/81/61
f 62/82/62 63/83/63 64/84/64
f 65/85/65 61/86/61 47/67/47
f 55/75/55 64/84/64 63/83/63
f 66/87/66 47/67/47 61/86/61
f 47/67/47 51/71/51 67/88/67
f 47/67/47 66/87/66 51/71/51
f 64/84/64 55/75/55 68/89/68
f 62/82/62 61/81/61 60/80/60
f 68/89/68 55/75/55 54/74/54
f 69/90/69 60/80/60 59/79/59
f 70/91/70 63/83/63 60/80/60
f 49/92/49 64/84/64 68/89/68
f 70/91/70 55/75/55 63/83/63
f 66/87/66 52/72/52 51/71/51
f 66/87/66 61/86/61 62/82/62
f 58/78/58 57/77/57 71/93/71
f 58/78/58 49/92/49 56/76/56
f 62/82/62 71/93/71 66/87/66
f 49/69/49 68/94/68 47/67/47
f 62/82/62 58/78/58 71/93/71
f 62/82/62 64/84/64 58/78/58
f 64/84/64 49/92/49 58/78/58
f 72/95/72 49/69/49 48/68/48
f 60/80/60 63/83/63 62/82/62
f 67/88/67 51/71/51 50/70/50
f 48/68/48 47/67/47 67/88/67
f 73/96/73 52/72/52 57/77/57
f 71/93/71 57/77/57 52/72/52
f 71/93/71 52/72/52 66/87/66
f 56/76/56 49/92/49 72/97/72
f 56/76/56 73/96/73 57/77/57
f 65/85/65 47/67/47 68/94/68
f 74/98/74 75/99/75 76/100/76
f 77/101/77 78/102/78 79/103/79
f 80/104/80 81/105/81 82/106/82
f 83/107/83 84/108/84 85/109/85
f 86/110/86 87/111/87 88/112/88
f 89/113/89 90/114/90 91/115/91
f 76/100/76 86/116/86 92/117/92
f 90/114/90 89/113/89 80/104/80
f 86/116/86 76/100/76 93/118/93
f 94/119/94 93/118/93 76/100/76
f 94/119/94 78/102/78 93/118/93
f 95/120/95 80/104/80 89/113/89
f 87/111/87 86/110/86 91/115/91
f 81/105/81 80/104/80 95/120/95
f 88/112/88 87/111/87 96/121/96
f 87/111/87 90/114/90 97/122/97
f 95/120/95 89/113/89 74/123/74
f 90/114/90 80/104/80 97/122/97
f 78/102/78 77/101/77 93/118/93
f 91/115/91 86/116/86 93/118/93
f 98/124/98 84/108/84 83/107/83
f 85/109/85 74/123/74 83/107/83
f 93/118/93 98/124/98 91/115/91
f 76/100/76 95/125/95 74/98/74
f 98/124/98 89/113/89 91/115/91
f 98/124/98 83/107/83 89/113/89
f 83/107/83 74/123/74 89/113/89
f 75/99/75 74/98/74 99/126/99
f 91/115/91 90/114/90 87/111/87
f 79/103/79 78/102/78 94/119/94
f 94/119/94 76/100/76 75/99/75
f 84/108/84 77/101/77 100/127/100
f 77/101/77 84/108/84 98/124/98
f 93/118/93 77/101/77 98/124/98
f 99/128/99 74/123/74 85/109/85
f 84/108/84 100/127/100 85/109/85
f 95/125/95 76/100/76 92/117/92
f 101/129/101 102/130/102 103/131/103
f 48/68/48 67/88/67 104/132/104
f 105/133/105 106/134/106 107/135/107
f 101/129/101 103/131/103 73/96/73
f 104/132/104 108/136/108 72/95/72
f 109/137/109 108/136/108 104/132/104
f 50/70/50 105/133/105 67/88/67
f 110/138/110 109/137/109 111/139/111
f 112/140/112 103/131/103 102/130/102
f 110/138/110 111/139/111 107/135/107
f 105/133/105 104/132/104 67/88/67
f 102/130/102 101/129/101 108/141/108
f 101/129/101 56/76/56 108/141/108
f 111/139/111 105/133/105 107/135/107
f 104/132/104 111/139/111 109/137/109
f 112/140/112 106/134/106 103/131/103
f 52/72/52 73/96/73 103/131/103
f 50/70/50 52/72/52 103/131/103
f 104/132/104 105/133/105 111/139/111
f 50/70/50 103/131/103 106/134/106
f 108/141/108 56/76/56 72/97/72
f 73/96/73 56/76/56 101/129/101
f 72/95/72 48/68/48 104/132/104
f 50/70/50 106/134/106 105/133/105
f 113/142/113 114/143/114 115/144/115
f 116/145/116 94/119/94 75/99/75
f 117/146/117 118/147/118 119/148/119
f 100/127/100 113/142/113 115/144/115
f 99/126/99 120/149/120 116/145/116
f 116/145/116 120/149/120 121/150/121
f 94/119/94 119/148/119 79/103/79
f 122/151/122 121/150/121 123/152/123
f 114/143/114 113/142/113 124/153/124
f 117/146/117 122/151/122 123/152/123
f 94/119/94 116/145/116 119/148/119
f 120/154/120 115/144/115 114/143/114
f 120/154/120 85/109/85 115/144/115
f 117/146/117 119/148/119 122/151/122
f 121/150/121 122/151/122 116/145/116
f 113/142/113 118/147/118 124/153/124
f 113/142/113 100/127/100 77/101/77
f 113/142/113 77/101/77 79/103/79
f 122/151/122 119/148/119 116/145/116
f 118/147/118 113/142/113 79/103/79
f 99/128/99 85/109/85 120/154/120
f 115/144/115 85/109/85 100/127/100
f 116/145/116 75/99/75 99/126/99
f 119/148/119 118/147/118 79/103/79
f 125/155/125 126/156/126 127/157/127
f 128/158/128 129/159/129 125/155/125
f 130/160/130 131/161/131 132/162/132
f 130/160/130 133/163/133 131/161/131
f 132/162/132 131/161/131 129/159/129
f 134/164/134 135/165/135 136/166/136
f 137/167/137 138/168/138 134/164/134
f 139/169/139 133/163/133 130/160/130
f 140/170/140 137/167/137 141/171/141
f 128/158/128 125/155/125 127/157/127
f 139/172/139 142/173/142 140/170/140
f 137/167/137 134/164/134 141/171/141
f 127/157/127 136/166/136 143/174/143
f 137/167/137 140/170/140 142/173/142
f 127/157/127 126/156/126 136/166/136
f 133/163/133 125/155/125 129/159/129
f 139/169/139 130/160/130 142/175/142
f 129/159/129 131/161/131 133/163/133
f 135/165/135 134/164/134 138/168/138
f 143/174/143 136/166/136 135/165/135
f 141/171/141 134/164/134 136/166/136
f 144/176/144 145/177/145 146/178/146
f 146/178/146 147/179/147 148/180/148
f 149/181/149 150/182/150 151/183/151
f 150/182/150 152/184/152 151/183/151
f 147/179/147 150/182/150 149/181/149
f 153/185/153 154/186/154 155/187/155
f 155/187/155 156/188/156 157/189/157
f 151/183/151 152/184/152 158/190/158
f 159/191/159 157/189/157 160/192/160
f 144/176/144 146/178/146 148/180/148
f 160/192/160 161/193/161 158/194/158
f 159/191/159 155/187/155 157/189/157
f 162/195/162 153/185/153 144/176/144
f 161/193/161 160/192/160 157/189/157
f 153/185/153 145/177/145 144/176/144
f 147/179/147 146/178/146 152/184/152
f 161/196/161 151/183/151 158/190/158
f 152/184/152 150/182/150 147/179/147
f 156/188/156 155/187/155 154/186/154
f 154/186/154 153/185/153 162/195/162
f 153/185/153 155/187/155 159/191/159
f 136/166/136 126/156/126 106/134/106
f 140/170/140 108/141/108 139/172/139
f 107/135/107 125/155/125 110/138/110
f 125/155/125 106/134/106 126/156/126
f 136/166/136 112/140/112 141/171/141
f 107/135/107 106/134/106 125/155/125
f 139/169/139 110/138/110 133/163/133
f 109/197/109 139/172/139 108/141/108
f 141/171/141 112/140/112 102/130/102
f 140/170/140 102/130/102 108/141/108
f 110/138/110 125/155/125 133/163/133
f 139/169/139 109/137/109 110/138/110
f 106/134/106 112/140/112 136/166/136
f 102/130/102 140/170/140 141/171/141
f 159/191/159 160/192/160 114/143/114
f 153/185/153 124/153/124 118/147/118
f 123/152/123 121/150/121 158/190/158
f 152/184/152 146/178/146 123/152/123
f 120/154/120 114/143/114 160/192/160
f 114/143/114 124/153/124 159/191/159
f 120/154/120 158/194/158 121/198/121
f 152/184/152 123/152/123 158/190/158
f 146/178/146 118/147/118 117/146/117
f 159/191/159 124/153/124 153/185/153
f 145/177/145 118/147/118 146/178/146
f 123/152/123 146/178/146 117/146/117
f 158/194/158 120/154/120 160/192/160
f 118/147/118 145/177/145 153/185/153
f 163/199/163 164/200/164 165/201/165
f 166/202/166 164/200/164 167/203/167
f 164/200/164 166/202/166 168/204/168
f 169/205/169 170/206/170 171/207/171
f 171/207/171 170/206/170 172/208/172
f 167/203/167 173/209/173 174/210/174
f 175/211/175 171/212/171 163/199/163
f 171/212/171 172/213/172 163/199/163
f 176/214/176 163/199/163 172/213/172
f 174/210/174 177/215/177 178/216/178
f 179/217/179 178/216/178 180/218/180
f 181/219/181 176/220/176 170/206/170
f 167/203/167 163/199/163 182/221/182
f 183/222/183 178/216/178 177/215/177
f 183/222/183 180/218/180 178/216/178
f 163/199/163 165/201/165 175/211/175
f 176/220/176 172/208/172 170/206/170
f 180/218/180 170/206/170 169/205/169
f 179/217/179 180/218/180 184/223/184
f 164/200/164 163/199/163 167/203/167
f 163/199/163 176/214/176 182/221/182
f 166/202/166 167/203/167 174/210/174
f 170/206/170 183/222/183 181/219/181
f 179/217/179 168/204/168 178/216/178
f 178/216/178 166/202/166 174/210/174
f 165/201/165 164/200/164 168/204/168
f 183/222/183 170/206/170 180/218/180
f 177/215/177 181/219/181 183/222/183
f 176/214/176 185/224/185 182/221/182
f 166/202/166 178/216/178 168/204/168
f 186/225/186 173/209/173 167/203/167
f 181/219/181 187/226/187 188/227/188
f 181/219/181 177/215/177 187/226/187
f 176/220/176 188/227/188 189/228/189
f 176/220/176 181/219/181 188/227/188
f 173/209/173 177/215/177 174/210/174
f 173/209/173 187/226/187 177/215/177
f 189/229/189 185/224/185 176/214/176
f 167/203/167 185/224/185 186/225/186
f 167/203/167 182/221/182 185/224/185
f 184/223/184 168/204/168 179/217/179
f 190/230/190 191/231/191 192/232/192
f 193/233/193 194/234/194 195/235/195
f 193/233/193 196/236/196 194/234/194
f 197/237/197 198/238/198 199/239/199
f 200/240/200 195/235/195 201/241/201
f 200/240/200 193/233/193 195/235/195
f 202/242/202 196/236/196 191/231/191
f 202/242/202 194/234/194 196/236/196
f 203/243/203 204/244/204 201/245/201
f 201/245/201 204/244/204 200/246/200
f 205/247/205 195/235/195 194/234/194
f 206/248/206 207/249/207 205/247/205
f 197/237/197 208/250/208 209/251/209
f 192/232/192 203/243/203 190/230/190
f 192/232/192 204/244/204 203/243/203
f 202/242/202 199/239/199 198/238/198
f 198/238/198 197/237/197 210/252/210
f 195/235/195 205/247/205 207/249/207
f 202/242/202 190/230/190 199/239/199
f 203/243/203 201/245/201 211/253/211
f 190/230/190 211/253/211 208/250/208
f 212/254/212 206/248/206 210/252/210
f 213/255/213 207/249/207 206/248/206
f 207/249/207 214/256/214 201/241/201
f 215/257/215 209/251/209 211/253/211
f 198/238/198 206/248/206 205/247/205
f 194/234/194 198/238/198 205/247/205
f 203/243/203 211/253/211 190/230/190
f 207/249/207 201/241/201 195/235/195
f 206/248/206 198/238/198 210/252/210
f 198/238/198 194/234/194 202/242/202
f 214/258/214 211/253/211 201/245/201
f 211/253/211 214/258/214 216/259/216
f 211/253/211 216/259/216 215/257/215
f 202/242/202 191/231/191 190/230/190
f 214/256/214 207/249/207 216/260/216
f 216/260/216 207/249/207 213/255/213
f 197/237/197 199/239/199 208/250/208
f 190/230/190 208/250/208 199/239/199
f 209/251/209 208/250/208 211/253/211
f 217/261/217 218/262/218 219/263/219
f 220/264/220 212/254/212 221/265/221
f 218/262/218 217/261/217 220/264/220
f 218/266/218 222/267/222 219/268/219
f 175/211/175 223/269/223 224/270/224
f 225/271/225 224/270/224 226/272/226
f 225/271/225 171/212/171 175/211/175
f 225/273/225 169/205/169 171/207/171
f 169/205/169 225/273/225 227/274/227
f 228/275/228 184/223/184 229/276/229
f 227/274/227 180/218/180 169/205/169
f 168/204/168 228/275/228 165/201/165
f 224/270/224 225/271/225 175/211/175
f 230/277/230 227/274/227 226/278/226
f 180/218/180 230/277/230 184/223/184
f 227/274/227 230/277/230 180/218/180
f 229/276/229 184/223/184 230/277/230
f 223/269/223 228/275/228 229/276/229
f 225/273/225 226/278/226 227/274/227
f 223/269/223 175/211/175 165/201/165
f 228/275/228 223/269/223 165/201/165
f 184/223/184 228/275/228 168/204/168
f 209/251/209 215/257/215 231/279/231
f 221/265/221 232/280/232 231/279/231
f 206/248/206 220/264/220 217/261/217
f 212/254/212 220/264/220 206/248/206
f 215/257/215 219/268/219 222/267/222
f 209/251/209 232/280/232 197/237/197
f 213/255/213 206/248/206 217/261/217
f 209/251/209 231/279/231 232/280/232
f 210/252/210 232/280/232 212/254/212
f 210/252/210 197/237/197 232/280/232
f 221/265/221 212/254/212 232/280/232
f 217/261/217 219/263/219 213/255/213
f 216/260/216 213/255/213 219/263/219
f 215/257/215 216/259/216 219/268/219
f 222/267/222 231/279/231 215/257/215
f 233/281/233 234/282/234 235/283/235
f 233/281/233 235/283/235 236/284/236
f 237/285/237 235/283/235 234/282/234
f 238/286/238 239/287/239 240/288/240
f 240/288/240 241/289/241 238/286/238
f 242/290/242 237/285/237 234/282/234
f 242/290/242 243/291/243 237/285/237
f 244/292/244 245/293/245 246/294/246
f 247/295/247 244/292/244 246/294/246
f 248/296/248 249/297/249 250/298/250
f 250/298/250 251/299/251 248/296/248
f 247/295/247 252/300/252 244/292/244
f 253/301/253 252/300/252 254/302/254
f 252/300/252 247/295/247 254/302/254
f 255/303/255 235/283/235 237/285/237
f 256/304/256 257/305/257 258/306/258
f 255/303/255 259/307/259 257/305/257
f 260/308/260 261/309/261 262/310/262
f 260/311/260 263/312/263 264/313/264
f 236/284/236 265/314/265 239/287/239
f 258/306/258 257/305/257 266/315/266
f 262/310/262 265/314/265 258/306/258
f 256/304/256 265/314/265 235/283/235
f 258/306/258 265/314/265 256/304/256
f 241/289/241 262/310/262 261/309/261
f 240/288/240 262/310/262 241/289/241
f 260/311/260 264/313/264 261/316/261
f 255/303/255 257/305/257 256/304/256
f 257/305/257 259/307/259 266/315/266
f 267/317/267 264/313/264 243/291/243
f 263/312/263 259/307/259 264/313/264
f 256/304/256 235/283/235 255/303/255
f 255/303/255 237/285/237 259/307/259
f 259/307/259 243/291/243 264/313/264
f 240/288/240 265/314/265 262/310/262
f 239/287/239 265/314/265 240/288/240
f 263/312/263 266/315/266 259/307/259
f 236/284/236 235/283/235 265/314/265
f 237/285/237 243/291/243 259/307/259
f 268/318/268 245/293/245 244/292/244
f 269/319/269 252/300/252 253/301/253
f 268/318/268 270/320/270 271/321/271
f 250/298/250 269/319/269 251/299/251
f 272/322/272 269/319/269 250/298/250
f 273/323/273 245/293/245 268/318/268
f 268/318/268 244/292/244 274/324/274
f 274/324/274 252/300/252 275/325/275
f 273/323/273 268/318/268 271/321/271
f 245/293/245 273/323/273 276/326/276
f 270/320/270 268/318/268 277/327/277
f 275/325/275 277/327/277 274/324/274
f 278/328/278 273/323/273 279/329/279
f 249/297/249 272/322/272 250/298/250
f 278/330/278 272/322/272 249/297/249
f 275/325/275 269/319/269 280/331/280
f 252/300/252 269/319/269 275/325/275
f 280/331/280 269/319/269 272/322/272
f 270/320/270 277/327/277 280/331/280
f 251/299/251 269/319/269 253/301/253
f 273/323/273 271/321/271 279/329/279
f 272/322/272 278/330/278 279/332/279
f 277/327/277 268/318/268 274/324/274
f 280/331/280 277/327/277 275/325/275
f 244/292/244 252/300/252 274/324/274
f 264/313/264 267/317/267 281/333/281
f 281/333/281 261/316/261 264/313/264
f 282/334/282 276/326/276 273/323/273
f 273/323/273 278/328/278 282/334/282
f 283/335/283 284/336/284 285/337/285
f 286/338/286 285/337/285 284/336/284
f 287/339/287 288/340/288 289/341/289
f 290/342/290 291/343/291 292/344/292
f 293/345/293 294/346/294 295/347/295
f 296/348/296 297/349/297 298/350/298
f 299/351/299 300/352/300 301/353/301
f 299/354/299 301/355/301 302/356/302
f 303/357/303 299/354/299 304/358/304
f 304/358/304 299/354/299 302/356/302
f 298/350/298 297/349/297 305/359/305
f 306/360/306 303/361/303 304/362/304
f 307/363/307 308/364/308 309/365/309
f 298/350/298 302/366/302 296/348/296
f 310/367/310 311/368/311 312/369/312
f 313/370/313 314/371/314 312/369/312
f 305/359/305 301/353/301 298/350/298
f 293/345/293 315/372/315 288/373/288
f 305/374/305 297/375/297 296/376/296
f 305/374/305 302/356/302 301/355/301
f 305/374/305 296/376/296 302/356/302
f 287/377/287 300/352/300 299/351/299
f 312/369/312 308/378/308 310/367/310
f 312/369/312 311/368/311 313/370/313
f 316/379/316 283/335/283 289/341/289
f 313/380/313 310/381/310 307/363/307
f 310/382/310 308/364/308 307/363/307
f 308/378/308 312/369/312 306/360/306
f 309/365/309 291/343/291 307/363/307
f 317/383/317 306/360/306 304/362/304
f 295/347/295 294/346/294 286/338/286
f 318/384/318 285/337/285 319/385/319
f 289/341/289 320/386/320 300/387/300
f 315/372/315 321/388/321 322/389/322
f 303/361/303 306/360/306 314/371/314
f 316/390/316 323/391/323 284/336/284
f 294/346/294 293/345/293 288/373/288
f 322/389/322 324/392/324 325/393/325
f 326/394/326 309/395/309 306/360/306
f 293/345/293 327/396/327 315/372/315
f 311/397/311 310/381/310 313/380/313
f 300/387/300 287/339/287 289/341/289
f 288/340/288 325/398/325 328/399/328
f 293/345/293 295/347/295 327/396/327
f 327/396/327 295/347/295 329/400/329
f 321/401/321 315/402/315 329/400/329
f 321/401/321 323/391/323 330/403/330
f 324/404/324 322/405/322 330/406/330
f 287/407/287 294/346/294 288/373/288
f 316/379/316 289/341/289 328/399/328
f 289/341/289 288/340/288 328/399/328
f 284/336/284 323/391/323 329/400/329
f 316/390/316 330/403/330 323/391/323
f 307/363/307 291/343/291 314/408/314
f 288/373/288 322/389/322 325/393/325
f 329/400/329 315/402/315 327/396/327
f 329/400/329 323/391/323 321/401/321
f 322/389/322 288/373/288 315/372/315
f 330/406/330 328/399/328 324/404/324
f 328/399/328 325/398/325 324/404/324
f 330/403/330 322/409/322 321/401/321
f 328/399/328 330/406/330 316/379/316
f 320/386/320 331/410/331 332/411/332
f 304/362/304 302/366/302 317/383/317
f 329/400/329 295/347/295 284/336/284
f 333/412/333 301/353/301 300/352/300
f 326/394/326 317/383/317 331/410/331
f 285/337/285 286/338/286 294/346/294
f 303/357/303 314/408/314 291/343/291
f 292/344/292 309/365/309 326/413/326
f 289/341/289 283/335/283 320/386/320
f 319/385/319 285/337/285 334/414/334
f 283/335/283 285/337/285 318/384/318
f 303/357/303 290/342/290 334/414/334
f 334/414/334 285/337/285 294/346/294
f 316/390/316 284/336/284 283/335/283
f 299/354/299 303/357/303 334/414/334
f 334/414/334 294/346/294 299/354/299
f 333/412/333 332/411/332 317/383/317
f 286/338/286 284/336/284 295/347/295
f 301/353/301 333/412/333 298/350/298
f 283/335/283 318/384/318 320/386/320
f 333/412/333 317/383/317 302/366/302
f 306/360/306 317/383/317 326/394/326
f 312/369/312 314/371/314 306/360/306
f 290/342/290 319/385/319 334/414/334
f 290/342/290 303/357/303 291/343/291
f 307/363/307 314/408/314 313/380/313
f 309/365/309 292/344/292 291/343/291
f 306/360/306 309/395/309 308/378/308
f 331/410/331 320/386/320 318/384/318
f 287/407/287 299/354/299 294/346/294
f 300/352/300 332/411/332 333/412/333
f 332/411/332 300/352/300 320/386/320
f 298/350/298 333/412/333 302/366/302
f 332/411/332 331/410/331 317/383/317
f 335/415/335 336/416/336 337/417/337
f 336/416/336 335/415/335 338/418/338
f 339/419/339 340/420/340 341/421/341
f 342/422/342 343/423/343 344/424/344
f 345/425/345 346/426/346 347/427/347
f 348/428/348 349/429/349 350/430/350
f 351/431/351 352/432/352 353/433/353
f 354/434/354 351/435/351 353/436/353
f 355/437/355 353/436/353 356/438/356
f 354/434/354 353/436/353 355/437/355
f 357/439/357 349/429/349 348/428/348
f 355/440/355 356/441/356 358/442/358
f 359/443/359 360/444/360 361/445/361
f 350/430/350 354/446/354 348/428/348
f 362/447/362 363/448/363 364/449/364
f 362/447/362 365/450/365 366/451/366
f 348/428/348 351/431/351 357/439/357
f 340/452/340 367/453/367 347/427/347
f 350/454/350 349/455/349 357/456/357
f 351/435/351 354/434/354 350/454/350
f 351/435/351 350/454/350 357/456/357
f 353/433/353 352/432/352 341/457/341
f 364/449/364 360/458/360 362/447/362
f 366/451/366 363/448/363 362/447/362
f 339/419/339 337/417/337 368/459/368
f 361/445/361 364/460/364 366/461/366
f 361/445/361 360/444/360 364/462/364
f 358/442/358 362/447/362 360/458/360
f 361/445/361 343/423/343 359/443/359
f 355/440/355 358/442/358 369/463/369
f 338/418/338 346/426/346 345/425/345
f 370/464/370 335/415/335 371/465/371
f 352/466/352 372/467/372 339/419/339
f 373/468/373 374/469/374 367/453/367
f 365/450/365 358/442/358 356/441/356
f 336/416/336 375/470/375 368/471/368
f 340/452/340 347/427/347 346/426/346
f 376/472/376 377/473/377 373/468/373
f 358/442/358 359/474/359 378/475/378
f 367/453/367 379/476/379 347/427/347
f 366/461/366 364/460/364 363/477/363
f 339/419/339 341/421/341 352/466/352
f 380/478/380 376/479/376 340/420/340
f 379/476/379 345/425/345 347/427/347
f 381/480/381 345/425/345 379/476/379
f 381/480/381 367/481/367 374/482/374
f 382/483/382 375/470/375 374/482/374
f 382/484/382 373/485/373 377/486/377
f 340/452/340 346/426/346 341/487/341
f 380/478/380 339/419/339 368/459/368
f 380/478/380 340/420/340 339/419/339
f 381/480/381 375/470/375 336/416/336
f 375/470/375 382/483/382 368/471/368
f 365/488/365 343/423/343 361/445/361
f 376/472/376 373/468/373 340/452/340
f 379/476/379 367/481/367 381/480/381
f 374/482/374 375/470/375 381/480/381
f 367/453/367 340/452/340 373/468/373
f 377/486/377 380/478/380 382/484/382
f 377/486/377 376/479/376 380/478/380
f 374/482/374 373/489/373 382/483/382
f 368/459/368 382/484/382 380/478/380
f 383/490/383 384/491/384 372/467/372
f 369/463/369 354/446/354 355/440/355
f 336/416/336 345/425/345 381/480/381
f 352/432/352 351/431/351 385/492/385
f 384/491/384 369/463/369 378/475/378
f 346/426/346 338/418/338 335/415/335
f 343/423/343 365/488/365 356/438/356
f 378/493/378 359/443/359 342/422/342
f 372/467/372 337/417/337 339/419/339
f 386/494/386 335/415/335 370/464/370
f 371/465/371 335/415/335 337/417/337
f 386/494/386 344/424/344 356/438/356
f 346/426/346 335/415/335 386/494/386
f 337/417/337 336/416/336 368/471/368
f 386/494/386 356/438/356 353/436/353
f 353/436/353 346/426/346 386/494/386
f 369/463/369 383/490/383 385/492/385
f 345/425/345 336/416/336 338/418/338
f 348/428/348 385/492/385 351/431/351
f 372/467/372 371/465/371 337/417/337
f 354/446/354 369/463/369 385/492/385
f 378/475/378 369/463/369 358/442/358
f 358/442/358 365/450/365 362/447/362
f 386/494/386 370/464/370 344/424/344
f 343/423/343 356/438/356 344/424/344
f 366/461/366 365/488/365 361/445/361
f 343/423/343 342/422/342 359/443/359
f 360/458/360 359/474/359 358/442/358
f 371/465/371 372/467/372 384/491/384
f 346/426/346 353/436/353 341/487/341
f 385/492/385 383/490/383 352/432/352
f 372/467/372 352/432/352 383/490/383
f 354/446/354 385/492/385 348/428/348
f 369/463/369 384/491/384 383/490/383
f 387/495/387 388/496/388 389/497/389
f 390/498/390 388/496/388 387/495/387
f 391/499/391 392/500/392 393/501/393
f 394/502/394 395/503/395 396/504/396
f 389/497/389 397/505/397 396/504/396
f 397/505/397 389/497/389 388/496/388
f 391/499/391 393/501/393 398/506/398
f 399/507/399 398/506/398 393/501/393
f 400/508/400 401/509/401 402/510/402
f 403/511/403 404/512/404 405/513/405
f 406/514/406 392/500/392 407/515/407
f 395/503/395 389/497/389 396/504/396
f 408/516/408 409/517/409 410/518/410
f 411/519/411 409/520/409 402/510/402
f 412/521/412 413/522/413 410/518/410
f 395/503/395 414/523/414 404/512/404
f 394/524/394 415/525/415 414/526/414
f 402/510/402 409/520/409 400/508/400
f 416/527/416 404/512/404 403/511/403
f 417/528/417 395/503/395 418/529/418
f 419/530/419 406/514/406 407/515/407
f 420/531/420 400/532/400 409/533/409
f 406/514/406 419/530/419 421/534/421
f 418/529/418 395/503/395 416/527/416
f 398/530/398 417/528/417 418/529/418
f 422/529/422 423/528/423 419/530/419
f 399/534/399 417/528/417 398/530/398
f 424/518/424 413/522/413 412/521/412
f 416/527/416 395/503/395 404/512/404
f 412/521/412 409/517/409 411/535/411
f 412/521/412 410/518/410 409/517/409
f 402/510/402 425/536/425 411/519/411
f 405/513/405 404/512/404 414/523/414
f 419/530/419 423/528/423 421/534/421
f 411/535/411 424/518/424 412/521/412
f 411/535/411 425/517/425 424/518/424
f 389/497/389 417/528/417 387/495/387
f 400/508/400 426/537/426 401/509/401
f 409/517/409 408/516/408 420/538/420
f 399/534/399 387/495/387 417/528/417
f 390/498/390 387/495/387 399/534/399
f 408/516/408 413/522/413 415/525/415
f 410/518/410 413/522/413 408/516/408
f 395/503/395 417/528/417 389/497/389
f 394/502/394 414/523/414 395/503/395
f 393/501/393 401/509/401 426/537/426
f 393/501/393 426/537/426 390/539/390
f 390/539/390 399/507/399 393/501/393
f 427/540/427 428/541/428 429/542/429
f 430/543/430 431/544/431 432/545/432
f 432/546/432 431/547/431 433/548/433
f 433/548/433 434/549/434 435/550/435
f 433/551/433 431/552/431 434/553/434
f 436/554/436 437/555/437 438/556/438
f 439/557/439 440/558/440 441/559/441
f 427/560/427 442/561/442 428/562/428
f 439/563/439 443/564/443 444/565/444
f 442/561/442 436/566/436 438/567/438
f 442/561/442 427/560/427 436/566/436
f 444/565/444 443/564/443 445/568/445
f 441/569/441 440/570/440 433/548/433
f 445/568/445 446/571/446 437/572/437
f 447/573/447 434/574/434 429/575/429
f 435/576/435 434/577/434 447/578/447
f 447/579/447 429/580/429 428/562/428
f 433/548/433 440/570/440 432/546/432
f 447/579/447 428/562/428 442/561/442
f 439/581/439 430/582/430 440/570/440
f 439/581/439 448/583/448 430/582/430
f 449/584/449 442/585/442 438/586/438
f 433/548/433 435/550/435 441/569/441
f 447/587/447 442/588/442 449/589/449
f 437/572/437 446/571/446 438/590/438
f 439/581/439 444/591/444 448/583/448
f 447/587/447 449/589/449 435/592/435
f 430/582/430 432/546/432 440/570/440
f 450/593/450 425/536/425 402/510/402
f 451/526/451 452/525/452 453/524/453
f 454/503/454 451/523/451 453/502/453
f 455/538/455 456/516/456 425/517/425
f 457/497/457 423/528/423 454/503/454
f 458/505/458 459/594/459 457/497/457
f 456/516/456 413/522/413 424/518/424
f 403/511/403 460/512/460 461/527/461
f 452/525/452 413/522/413 456/516/456
f 459/594/459 423/528/423 457/497/457
f 460/512/460 451/523/451 454/503/454
f 459/594/459 462/496/462 463/498/463
f 402/510/402 464/595/464 450/593/450
f 465/504/465 454/503/454 453/502/453
f 465/504/465 458/505/458 457/497/457
f 462/496/462 459/594/459 458/505/458
f 422/529/422 454/503/454 423/528/423
f 464/595/464 466/596/466 450/593/450
f 425/536/425 450/593/450 455/597/455
f 461/527/461 454/503/454 422/529/422
f 405/513/405 460/512/460 403/511/403
f 421/534/421 459/594/459 463/498/463
f 460/512/460 454/503/454 461/527/461
f 451/523/451 460/512/460 405/513/405
f 424/518/424 425/517/425 456/516/456
f 423/528/423 459/594/459 421/534/421
f 466/596/466 464/595/464 406/514/406
f 465/504/465 457/497/457 454/503/454
f 406/514/406 421/534/421 463/498/463
f 463/498/463 466/596/466 406/514/406
f 467/598/467 468/599/468 469/600/469
f 441/559/441 470/601/470 471/602/471
f 471/602/471 472/603/472 441/559/441
f 473/604/473 474/605/474 475/606/475
f 467/598/467 469/600/469 476/607/476
f 475/606/475 477/608/477 473/604/473
f 478/609/478 479/610/479 475/606/475
f 471/602/471 479/610/479 472/603/472
f 480/611/480 475/606/475 474/605/474
f 449/584/449 481/612/481 477/608/477
f 482/613/482 474/605/474 473/604/473
f 481/612/481 473/604/473 477/608/477
f 477/608/477 470/601/470 449/584/449
f 470/601/470 477/608/477 475/606/475
f 478/609/478 475/606/475 480/611/480
f 483/614/483 479/610/479 478/609/478
f 435/615/435 449/584/449 470/601/470
f 475/606/475 471/602/471 470/601/470
f 470/601/470 441/559/441 435/615/435
f 479/610/479 483/614/483 484/616/484
f 475/606/475 479/610/479 471/602/471
f 485/617/485 486/618/486 443/564/443
f 485/619/485 441/559/441 487/620/487
f 441/559/441 488/621/488 487/620/487
f 486/618/486 485/617/485 489/622/489
f 490/623/490 449/584/449 491/624/491
f 492/625/492 491/626/491 493/627/493
f 490/623/490 494/628/494 449/584/449
f 446/571/446 493/627/493 491/626/491
f 392/500/392 495/629/495 393/501/393
f 406/514/406 495/629/495 392/500/392
f 403/511/403 461/630/461 469/600/469
f 461/630/461 476/607/476 469/600/469
f 469/600/469 416/527/416 403/511/403
f 483/614/483 392/500/392 391/499/391
f 392/500/392 483/614/483 478/609/478
f 494/628/494 496/631/496 481/612/481
f 398/506/398 484/616/484 391/499/391
f 497/632/497 492/625/492 498/633/498
f 482/613/482 499/634/499 407/515/407
f 474/605/474 392/500/392 480/611/480
f 500/635/500 481/612/481 496/631/496
f 407/515/407 392/500/392 482/613/482
f 497/632/497 498/633/498 501/636/501
f 419/530/419 499/634/499 502/637/502
f 461/527/461 422/529/422 503/638/503
f 502/637/502 481/612/481 504/639/504
f 502/637/502 473/604/473 481/612/481
f 419/530/419 503/638/503 422/529/422
f 419/530/419 502/637/502 503/638/503
f 500/635/500 504/639/504 481/612/481
f 446/571/446 498/633/498 493/627/493
f 474/605/474 482/613/482 392/500/392
f 498/633/498 476/607/476 501/636/501
f 476/607/476 498/633/498 467/598/467
f 501/640/501 476/641/476 505/642/505
f 418/643/418 506/644/506 398/645/398
f 507/646/507 467/598/467 498/633/498
f 494/628/494 481/612/481 449/584/449
f 469/600/469 468/599/468 416/527/416
f 498/633/498 492/625/492 493/627/493
f 506/647/506 418/529/418 416/527/416
f 503/638/503 505/642/505 476/641/476
f 502/637/502 482/613/482 473/604/473
f 502/637/502 499/634/499 482/613/482
f 480/611/480 392/500/392 478/609/478
f 391/499/391 484/616/484 483/614/483
f 461/527/461 503/638/503 476/641/476
f 498/633/498 446/571/446 507/646/507
f 407/515/407 499/634/499 419/530/419
f 468/599/468 506/647/506 416/527/416
f 486/618/486 489/622/489 508/648/508
f 509/649/509 468/599/468 508/648/508
f 443/564/443 507/646/507 445/568/445
f 441/559/441 485/619/485 439/557/439
f 510/650/510 479/610/479 511/651/511
f 510/650/510 472/603/472 479/610/479
f 508/648/508 467/598/467 507/646/507
f 507/646/507 443/564/443 508/648/508
f 443/564/443 439/563/439 485/617/485
f 441/559/441 472/603/472 488/621/488
f 486/618/486 508/648/508 443/564/443
f 445/568/445 507/646/507 446/571/446
f 509/649/509 508/648/508 512/652/512
f 513/642/513 468/599/468 509/649/509
f 467/598/467 508/648/508 468/599/468
f 472/603/472 510/650/510 514/653/514
f 515/654/515 472/603/472 514/653/514
f 508/648/508 489/622/489 512/652/512
f 472/603/472 515/654/515 488/621/488
f 479/610/479 484/616/484 511/651/511
f 468/599/468 513/642/513 506/647/506
f 495/629/495 402/510/402 401/509/401
f 401/509/401 393/501/393 495/629/495
f 516/655/516 415/525/415 413/522/413
f 516/655/516 452/525/452 451/526/451
f 451/523/451 405/513/405 516/656/516
f 516/656/516 405/513/405 414/523/414
f 495/629/495 406/514/406 464/595/464
f 464/595/464 402/510/402 495/629/495
f 413/522/413 452/525/452 516/655/516
f 414/526/414 415/525/415 516/655/516
f 506/647/506 513/642/513 517/657/517
f 517/657/517 511/658/511 506/647/506
f 438/586/438 491/624/491 449/584/449
f 502/637/502 518/657/518 503/638/503
f 510/639/510 511/658/511 517/657/517
f 491/626/491 438/590/438 446/571/446
f 511/651/511 484/616/484 398/506/398
f 506/644/506 511/659/511 398/645/398
f 518/657/518 505/642/505 503/638/503
f 504/639/504 518/657/518 502/637/502
f 434/574/434 519/660/519 429/575/429
f 519/661/519 434/553/434 431/552/431
f 520/662/520 521/663/521 522/664/522
f 523/665/523 524/666/524 525/667/525
f 526/668/526 525/667/525 524/666/524
f 527/669/527 528/670/528 529/671/529
f 521/663/521 530/672/530 522/664/522
f 531/673/531 532/674/532 533/675/533
f 521/663/521 520/662/520 531/676/531
f 525/667/525 533/677/533 532/678/532
f 525/667/525 534/679/534 533/677/533
f 526/668/526 534/679/534 525/667/525
f 522/680/522 535/681/535 536/682/536
f 536/682/536 535/681/535 537/683/537
f 538/684/538 539/685/539 529/686/529
f 530/687/530 540/688/540 522/680/522
f 535/681/535 522/680/522 540/688/540
f 529/686/529 539/685/539 527/689/527
f 528/670/528 541/690/541 542/691/542
f 537/683/537 543/692/543 538/684/538
f 542/691/542 541/690/541 524/666/524
f 523/665/523 542/691/542 524/666/524
f 529/671/529 528/670/528 542/691/542
f 537/683/537 538/684/538 536/682/536
f 538/684/538 543/692/543 539/685/539
f 544/693/544 545/694/545 546/695/546
f 547/696/547 548/697/548 524/666/524
f 541/690/541 549/698/549 547/696/547
f 544/693/544 550/699/550 543/692/543
f 544/693/544 543/692/543 537/683/537
f 524/666/524 541/690/541 547/696/547
f 537/683/537 535/681/535 545/694/545
f 551/700/551 552/701/552 553/702/553
f 554/703/554 555/704/555 556/705/556
f 557/706/557 552/701/552 521/707/521
f 558/708/558 559/709/559 560/710/560
f 551/700/551 530/687/530 552/701/552
f 561/711/561 562/712/562 563/713/563
f 564/714/564 559/709/559 565/715/565
f 566/716/566 567/717/567 555/704/555
f 551/700/551 568/718/568 530/687/530
f 550/699/550 546/695/546 569/719/569
f 570/720/570 550/699/550 569/719/569
f 535/681/535 540/688/540 545/694/545
f 571/721/571 572/722/572 562/712/562
f 549/698/549 573/723/573 547/696/547
f 574/724/574 575/725/575 558/708/558
f 557/706/557 553/702/553 552/701/552
f 546/695/546 571/721/571 569/719/569
f 569/719/569 571/721/571 570/720/570
f 576/726/576 568/718/568 571/721/571
f 565/715/565 556/705/556 555/704/555
f 577/727/577 564/714/564 553/702/553
f 540/688/540 576/726/576 545/694/545
f 557/706/557 578/728/578 579/729/579
f 560/710/560 557/706/557 579/729/579
f 551/700/551 580/730/580 572/722/572
f 554/703/554 581/731/581 582/732/582
f 556/705/556 565/715/565 583/733/583
f 552/701/552 530/687/530 521/707/521
f 560/710/560 559/709/559 577/727/577
f 584/734/584 575/725/575 574/724/574
f 565/715/565 567/717/567 553/702/553
f 521/707/521 578/728/578 557/706/557
f 585/735/585 581/731/581 586/736/586
f 555/704/555 567/717/567 565/715/565
f 587/737/587 566/716/566 585/735/585
f 566/716/566 555/704/555 582/732/582
f 588/738/588 589/739/589 587/737/587
f 588/738/588 590/740/590 589/739/589
f 551/700/551 571/721/571 568/718/568
f 591/741/591 556/705/556 584/742/584
f 551/700/551 553/702/553 580/730/580
f 559/709/559 564/714/564 577/727/577
f 565/715/565 559/709/559 575/725/575
f 576/726/576 546/695/546 545/694/545
f 575/725/575 584/734/584 583/743/583
f 583/733/583 584/742/584 556/705/556
f 559/709/559 558/708/558 575/725/575
f 562/712/562 572/722/572 563/713/563
f 557/706/557 560/710/560 577/727/577
f 556/705/556 592/744/592 554/703/554
f 578/745/578 521/746/521 531/747/531
f 540/688/540 568/718/568 576/726/576
f 566/716/566 582/732/582 585/735/585
f 550/699/550 544/693/544 546/695/546
f 576/726/576 571/721/571 546/695/546
f 572/722/572 571/721/571 551/700/551
f 561/711/561 593/748/593 590/740/590
f 594/749/594 587/737/587 595/750/595
f 575/725/575 583/743/583 565/715/565
f 587/737/587 594/749/594 588/738/588
f 586/736/586 581/731/581 592/744/592
f 585/735/585 595/750/595 587/737/587
f 553/702/553 564/714/564 565/715/565
f 568/718/568 540/688/540 530/687/530
f 577/727/577 553/702/553 557/706/557
f 580/730/580 563/713/563 572/722/572
f 592/744/592 556/705/556 591/741/591
f 592/744/592 581/731/581 554/703/554
f 580/730/580 567/717/567 593/748/593
f 563/713/563 580/730/580 561/711/561
f 587/737/587 589/739/589 566/716/566
f 595/750/595 585/735/585 586/736/586
f 590/740/590 593/748/593 589/739/589
f 566/716/566 589/739/589 593/748/593
f 582/732/582 581/731/581 585/735/585
f 580/730/580 593/748/593 561/711/561
f 550/699/550 570/720/570 571/721/571
f 566/716/566 593/748/593 567/717/567
f 580/730/580 553/702/553 567/717/567
f 554/703/554 582/732/582 555/704/555
f 596/751/596 597/752/597 598/753/598
f 599/754/599 549/698/549 600/755/600
f 599/754/599 573/723/573 549/698/549
f 601/756/601 602/757/602 603/758/603
f 599/754/599 604/759/604 573/723/573
f 600/755/600 604/759/604 599/754/599
f 605/760/605 606/761/606 607/762/607
f 608/763/608 596/751/596 609/764/609
f 574/724/574 610/765/610 584/734/584
f 607/762/607 606/761/606 611/766/611
f 606/761/606 605/760/605 602/757/602
f 612/767/612 613/768/613 614/769/614
f 615/770/615 598/753/598 597/752/597
f 616/771/616 617/772/617 602/757/602
f 610/765/610 618/773/618 596/751/596
f 596/751/596 608/774/608 610/765/610
f 609/764/609 584/742/584 608/763/608
f 619/775/619 614/769/614 607/762/607
f 617/772/617 609/764/609 596/751/596
f 606/761/606 617/772/617 596/751/596
f 612/767/612 614/769/614 619/775/619
f 600/755/600 549/698/549 604/759/604
f 598/753/598 620/776/620 621/777/621
f 533/677/533 620/776/620 622/778/622
f 597/752/597 596/751/596 618/773/618
f 613/768/613 612/767/612 603/758/603
f 548/697/548 526/668/526 524/666/524
f 603/758/603 623/779/623 613/768/613
f 624/780/624 625/781/625 605/760/605
f 626/782/626 604/759/604 621/777/621
f 603/758/603 612/767/612 588/738/588
f 601/756/601 627/783/627 616/771/616
f 615/770/615 622/778/622 598/753/598
f 579/729/579 622/778/622 560/710/560
f 625/781/625 623/779/623 603/758/603
f 558/708/558 610/765/610 574/724/574
f 611/766/611 628/784/628 604/759/604
f 621/777/621 620/776/620 534/679/534
f 560/710/560 618/773/618 558/708/558
f 595/750/595 603/758/603 594/749/594
f 548/697/548 629/785/629 526/668/526
f 586/736/586 627/783/627 601/756/601
f 603/758/603 595/750/595 601/756/601
f 586/736/586 601/756/601 595/750/595
f 588/738/588 594/749/594 603/758/603
f 592/744/592 627/783/627 586/736/586
f 621/777/621 604/759/604 628/784/628
f 573/723/573 604/759/604 629/785/629
f 601/756/601 616/771/616 602/757/602
f 629/785/629 626/782/626 526/668/526
f 531/673/531 533/675/533 578/786/578
f 615/770/615 560/710/560 622/778/622
f 606/761/606 628/784/628 611/766/611
f 610/765/610 558/708/558 618/773/618
f 609/764/609 617/772/617 630/787/630
f 619/775/619 607/762/607 611/766/611
f 608/774/608 584/734/584 610/765/610
f 591/741/591 609/764/609 592/744/592
f 615/770/615 597/752/597 618/773/618
f 584/742/584 609/764/609 591/741/591
f 630/787/630 592/744/592 609/764/609
f 617/772/617 616/771/616 630/787/630
f 621/777/621 534/679/534 626/782/626
f 547/696/547 573/723/573 548/697/548
f 630/787/630 627/783/627 592/744/592
f 616/771/616 627/783/627 630/787/630
f 625/781/625 603/758/603 602/757/602
f 620/776/620 598/753/598 622/778/622
f 622/778/622 578/728/578 533/677/533
f 626/782/626 534/679/534 526/668/526
f 625/781/625 602/757/602 605/760/605
f 537/683/537 545/694/545 544/693/544
f 615/770/615 618/773/618 560/710/560
f 620/776/620 533/677/533 534/679/534
f 604/759/604 626/782/626 629/785/629
f 628/784/628 606/761/606 621/777/621
f 623/779/623 625/781/625 624/780/624
f 602/757/602 617/772/617 606/761/606
f 629/785/629 548/697/548 573/723/573
f 606/761/606 598/753/598 621/777/621
f 579/729/579 578/728/578 622/778/622
f 596/751/596 598/753/598 606/761/606
f 605/788/605 614/789/614 624/790/624
f 607/791/607 614/789/614 605/788/605
f 624/790/624 614/789/614 613/792/613
f 624/790/624 613/792/613 623/793/623
f 631/794/631 632/795/632 633/796/633
f 634/797/634 631/794/631 635/798/635
f 634/797/634 635/798/635 636/799/636
f 632/795/632 631/794/631 634/797/634
f 633/796/633 632/795/632 637/800/637
f 638/801/638 639/802/639 640/803/640
f 641/804/641 642/805/642 639/802/639
f 641/804/641 639/802/639 638/801/638
f 633/806/643 643/807/644 644/808/645
f 644/808/645 643/807/644 645/809/646
f 646/810/647 645/809/646 643/807/644
f 633/811/648 647/812/649 648/813/650
f 649/814/651 650/815/652 648/813/650
f 649/814/651 648/813/650 647/812/649
f 651/816/653 647/812/649 633/811/648
f 652/817/654 653/818/655 654/819/656
f 655/820/657 656/821/658 654/819/656
f 654/819/656 656/821/658 652/817/654
f 654/819/656 653/818/655 657/822/659
f 658/823/660 659/824/661 660/825/662
f 661/826/663 658/823/660 662/827/664
f 660/825/662 662/827/664 658/823/660
f 663/828/665 659/824/661 658/823/660
f 664/829/666 652/817/654 656/821/658
f 665/830/667 662/827/664 660/825/662
f 666/831/668 667/832/669 668/833/670
f 669/834/671 668/833/670 670/835/672
f 666/831/668 668/833/670 669/834/671
f 668/833/670 667/832/669 653/836/673
f 671/837/674 672/838/675 673/839/676
f 674/840/677 671/837/674 675/841/678
f 675/841/678 671/837/674 673/839/676
f 659/842/661 672/838/675 671/837/674
f 676/843/679 677/844/680 678/845/681
f 679/846/682 678/845/681 680/847/683
f 676/843/679 678/845/681 679/846/682
f 678/845/681 677/844/680 667/848/669
f 681/849/684 677/850/680 682/851/685
f 683/852/686 681/849/684 684/853/687
f 684/853/687 681/849/684 682/851/685
f 672/854/675 677/850/680 681/849/684
f 685/855/688 686/856/689 687/857/690
f 688/858/691 685/859/688 689/860/692
f 688/858/691 689/860/692 690/861/693
f 686/859/689 691/862/694 687/863/690
f 692/864/695 691/862/694 690/861/693
f 687/863/690 691/862/694 689/860/692
f 687/863/690 689/860/692 685/859/688
f 690/861/693 691/862/694 686/859/689
f 688/865/691 686/856/689 685/855/688
f 688/858/691 690/861/693 686/859/689
f 690/861/693 689/860/692 692/864/695
f 692/864/695 689/860/692 691/862/694
f 693/866/696 694/867/697 695/868/698
f 696/867/699 697/869/700 698/870/701
f 696/867/699 698/870/701 699/871/702
f 697/869/700 696/867/699 695/868/698
f 697/869/700 695/868/698 700/872/703
f 693/866/696 696/867/699 699/871/702
f 694/867/697 701/869/704 700/872/703
f 694/867/697 700/872/703 695/868/698
f 699/871/702 698/870/701 701/869/704
f 699/871/702 701/869/704 694/867/697
f 699/871/702 694/867/697 693/866/696
f 695/868/698 696/867/699 693/866/696
f 702/873/705 703/874/706 704/875/707
f 705/876/708 706/877/709 707/878/710
f 708/879/711 709/880/712 705/881/708
f 710/882/713 711/883/714 704/875/707
f 712/884/715 713/885/716 711/883/714
f 704/875/707 714/886/717 702/873/705
f 715/887/718 716/888/719 717/889/720
f 718/890/721 719/891/722 717/889/720
f 711/883/714 713/885/716 708/892/711
f 713/893/716 709/880/712 708/879/711
f 720/894/723 721/895/724 722/896/725
f 723/897/726 712/884/715 710/882/713
f 702/873/705 724/898/727 703/874/706
f 725/899/728 726/900/729 702/873/705
f 708/892/711 707/878/710 714/886/717
f 714/886/717 707/878/710 725/899/728
f 720/901/723 727/902/730 728/903/731
f 729/904/732 723/897/726 710/882/713
f 726/900/729 720/894/723 724/898/727
f 729/904/732 704/875/707 703/874/706
f 708/892/711 714/886/717 711/883/714
f 726/900/729 707/878/710 730/905/733
f 731/906/734 723/897/726 729/904/732
f 709/880/712 732/907/735 706/908/709
f 714/886/717 704/875/707 711/883/714
f 721/909/724 720/901/723 728/903/731
f 720/894/723 726/900/729 727/910/730
f 727/910/730 726/900/729 730/905/733
f 728/911/731 733/912/736 730/905/733
f 724/898/727 718/890/721 716/888/719
f 706/877/709 730/905/733 707/878/710
f 730/905/733 733/912/736 727/910/730
f 727/902/730 733/913/736 728/903/731
f 725/899/728 702/873/705 714/886/717
f 706/877/709 728/911/731 730/905/733
f 724/898/727 720/894/723 718/890/721
f 718/890/721 717/889/720 716/888/719
f 703/874/706 731/906/734 729/904/732
f 703/874/706 734/914/737 731/906/734
f 728/915/731 706/908/709 732/907/735
f 711/883/714 710/882/713 712/884/715
f 716/888/719 703/874/706 724/898/727
f 729/904/732 710/882/713 704/875/707
f 706/908/709 705/881/708 709/880/712
f 718/890/721 720/894/723 722/896/725
f 725/899/728 707/878/710 726/900/729
f 702/873/705 726/900/729 724/898/727
f 705/876/708 707/878/710 708/892/711
f 734/914/737 716/888/719 715/887/718
f 734/914/737 703/874/706 716/888/719
f 722/896/725 719/891/722 718/890/721
f 735/916/738 736/917/739 737/918/740
f 738/919/741 739/920/742 740/921/743
f 741/922/744 740/921/743 742/923/745
f 737/918/740 736/917/739 743/924/746
f 744/925/747 736/917/739 735/916/738
f 742/923/745 740/921/743 739/920/742
f 743/924/746 745/926/748 737/918/740
f 746/927/749 736/917/739 744/925/747
f 747/928/750 748/929/751 749/930/752
f 750/931/753 749/930/752 745/926/748
f 749/930/752 750/931/753 747/928/750
f 745/926/748 743/924/746 750/931/753
f 751/932/754 739/920/742 738/919/741
f 752/933/755 753/934/756 754/935/757
f 754/935/757 755/936/758 752/933/755
f 753/934/756 752/933/755 741/922/744
f 755/936/758 754/935/757 756/937/759
f 757/938/760 748/939/751 747/940/750
f 758/941/761 757/938/760 759/942/762
f 747/940/750 759/942/762 757/938/760
f 759/942/762 751/932/754 758/941/761
f 756/937/759 760/943/763 755/936/758
f 756/937/759 761/944/764 762/945/765
f 738/919/741 758/941/761 751/932/754
f 741/922/744 742/923/745 753/934/756
f 762/945/765 760/943/763 756/937/759
f 761/944/764 746/927/749 763/946/766
f 763/946/766 762/945/765 761/944/764
f 744/925/747 763/946/766 746/927/749
f 764/947/767 765/948/768 766/949/769
f 764/947/767 767/950/770 765/948/768
f 764/951/767 768/952/771 769/953/772
f 764/951/767 766/954/769 768/952/771
f 765/955/768 770/956/773 766/957/769
f 764/958/767 771/959/774 767/960/770
f 767/961/770 770/962/773 765/963/768
f 767/961/770 771/964/774 770/962/773
f 769/965/772 770/956/773 771/966/774
f 769/965/772 768/967/771 770/956/773
f 768/967/771 766/957/769 770/956/773
f 769/968/772 771/959/774 764/958/767
f 772/969/775 773/970/776 774/971/777
f 772/969/775 775/972/778 773/970/776
f 776/973/779 772/974/775 774/975/777
f 776/973/779 777/976/780 772/974/775
f 772/977/775 778/978/781 775/979/778
f 773/980/776 779/981/782 774/982/777
f 775/983/778 779/984/782 773/985/776
f 775/983/778 778/986/781 779/984/782
f 779/987/782 777/988/780 776/989/779
f 779/987/782 778/990/781 777/988/780
f 778/978/781 772/977/775 777/991/780
f 774/982/777 779/981/782 776/992/779
f 780/993/783 781/994/784 782/995/785
f 780/993/783 783/996/786 781/994/784
f 784/997/787 785/998/788 786/999/789
f 785/998/788 784/1000/787 787/1001/790
f 786/997/789 788/1002/791 784/1000/787
f 789/1003/792 786/1004/789 790/1005/793
f 789/1003/792 788/1006/791 786/1004/789
f 791/1007/794 786/999/789 785/998/788
f 791/1007/794 790/1008/793 786/999/789
f 787/1001/790 784/1000/787 788/1002/791
f 792/1009/795 790/1010/793 791/1007/794
f 792/1009/795 789/1011/792 790/1010/793
f 792/1012/795 788/1013/791 789/1014/792
f 792/1012/795 787/1015/790 788/1013/791
f 792/1009/795 785/998/788 787/1001/790
f 792/1009/795 791/1007/794 785/998/788
f 793/1016/796 794/1017/797 795/1018/798
f 793/1016/796 796/1019/799 794/1017/797
f 797/1020/800 794/1021/797 798/1022/801
f 797/1020/800 795/1023/798 794/1021/797
f 799/1024/802 796/1025/799 793/1026/796
f 799/1024/802 800/1027/803 796/1025/799
f 799/1028/802 798/1029/801 800/1030/803
f 799/1028/802 797/1031/800 798/1029/801
f 800/1032/803 794/1033/797 796/1034/799
f 800/1032/803 798/1035/801 794/1033/797
f 801/1036/804 802/1037/805 803/1038/806
f 804/1039/807 805/1038/808 806/1040/809
f 801/1036/804 803/1041/806 805/1038/808
f 805/1038/808 807/1037/810 801/1036/804
f 808/1042/811 809/1043/812 810/1044/813
f 808/1042/811 810/1044/813 806/1045/809
f 807/1046/810 802/1047/805 801/1048/804
f 809/1049/812 811/1050/814 803/1051/806
f 809/1049/812 803/1051/806 810/1052/813
f 806/1053/809 805/1054/808 812/1055/815
f 806/1053/809 812/1055/815 808/1056/811
f 809/1057/812 808/1056/811 812/1055/815
f 809/1057/812 812/1055/815 811/1058/814
f 806/1045/809 810/1044/813 813/1059/816
f 806/1040/809 814/1060/817 804/1039/807
f 811/1061/814 812/1055/815 805/1054/808
f 811/1061/814 805/1054/808 803/1062/806
f 815/1039/818 802/1037/805 816/1063/819
f 815/1039/818 810/1040/813 803/1038/806
f 804/1039/807 807/1037/810 805/1038/808
f 816/1063/819 807/1037/810 804/1039/807
f 815/1039/818 814/1060/817 810/1040/813
f 804/1064/807 814/1065/817 815/1066/818
f 815/1039/818 803/1038/806 802/1037/805
f 804/1064/807 815/1066/818 816/1067/819
f 816/1068/819 802/1047/805 807/1046/810
f 813/1069/816 810/1040/813 814/1060/817
f 813/1069/816 814/1060/817 806/1040/809
f 817/1070/820 818/1071/821 819/1072/822
f 817/1070/820 819/1072/822 820/1073/823
f 821/1074/824 822/1075/825 823/1076/826
f 819/1077/822 824/1078/827 825/1079/828
f 826/1080/829 823/1076/826 822/1075/825
f 823/1081/826 817/1070/820 820/1073/823
f 823/1081/826 820/1073/823 821/1082/824
f 826/1080/829 822/1075/825 827/1083/830
f 817/1084/820 823/1085/826 818/1086/821
f 828/1087/831 827/1083/830 822/1075/825
f 823/1088/826 826/1089/829 818/1090/821
f 827/1091/830 829/1092/832 826/1089/829
f 821/1093/824 819/1077/822 825/1079/828
f 820/1094/823 819/1095/822 821/1096/824
f 825/1097/828 828/1087/831 822/1075/825
f 824/1098/827 829/1099/832 827/1083/830
f 824/1098/827 827/1083/830 828/1087/831
f 824/1098/827 819/1100/822 818/1101/821
f 824/1098/827 818/1101/821 829/1099/832
f 822/1075/825 821/1074/824 825/1097/828
f 828/1102/831 825/1079/828 824/1078/827
f 818/1090/821 826/1089/829 829/1092/832
f 830/1103/833 831/1104/834 832/1105/835
f 830/1103/833 832/1105/835 833/1106/836
f 834/1107/837 835/1108/838 836/1109/839
f 837/1110/840 830/1111/833 836/1109/839
f 833/1106/836 832/1105/835 838/1112/841
f 833/1106/836 838/1112/841 839/1113/842
f 840/1114/843 834/1115/837 841/1116/844
f 835/1117/838 842/1118/845 837/1119/840
f 837/1119/840 843/1120/846 830/1121/833
f 844/1103/847 845/1104/848 846/1105/849
f 844/1103/847 846/1105/849 847/1106/850
f 846/1122/849 838/1123/841 831/1124/834
f 842/1118/845 848/1125/851 843/1120/846
f 843/1120/846 848/1125/851 847/1126/850
f 849/1127/852 850/1128/853 851/1129/854
f 847/1106/850 846/1105/849 831/1104/834
f 847/1106/850 831/1104/834 830/1103/833
f 840/1130/843 841/1131/844 848/1132/851
f 848/1132/851 850/1133/853 839/1134/842
f 848/1132/851 839/1134/842 844/1135/847
f 833/1136/836 836/1109/839 830/1111/833
f 844/1137/847 847/1126/850 848/1125/851
f 841/1138/844 851/1129/854 850/1128/853
f 850/1128/853 849/1127/852 839/1139/842
f 839/1113/842 838/1112/841 845/1104/848
f 839/1113/842 845/1104/848 844/1103/847
f 834/1115/837 840/1114/843 835/1140/838
f 851/1141/854 836/1142/839 849/1143/852
f 849/1143/852 836/1142/839 833/1144/836
f 849/1143/852 833/1144/836 839/1145/842
f 845/1146/848 838/1123/841 846/1122/849
f 842/1147/845 835/1140/838 840/1114/843
f 832/1148/835 831/1124/834 838/1123/841
f 843/1120/846 837/1119/840 842/1118/845
f 837/1110/840 836/1109/839 835/1108/838
f 840/1149/843 848/1125/851 842/1118/845
f 847/1150/850 830/1121/833 843/1120/846
f 850/1133/853 848/1132/851 841/1131/844
f 834/1151/837 836/1142/839 851/1141/854
f 851/1152/854 841/1116/844 834/1115/837
f 852/1153/855 853/1154/856 854/1155/857
f 852/1153/855 854/1155/857 855/1156/858
f 856/1157/859 857/1158/860 858/1159/861
f 856/1157/859 858/1159/861 859/1160/862
f 860/1161/863 861/1162/864 862/1163/865
f 860/1161/863 862/1163/865 863/1164/866
f 857/1165/860 864/1166/867 865/1167/868
f 866/1168/869 867/1169/870 868/1170/871
f 866/1168/869 868/1170/871 869/1171/872
f 869/1171/872 870/1172/873 871/1173/874
f 869/1171/872 871/1173/874 866/1168/869
f 872/1174/875 873/1175/876 874/1176/877
f 875/1177/878 876/1178/879 877/1179/880
f 873/1175/876 878/1180/881 879/1181/882
f 873/1175/876 879/1181/882 874/1176/877
f 874/1176/877 880/1182/883 872/1174/875
f 881/1183/884 882/1184/885 883/1185/886
f 883/1185/886 884/1186/887 881/1183/884
f 885/1187/888 881/1183/884 884/1186/887
f 886/1188/889 852/1189/855 887/1190/890
f 864/1166/867 877/1179/880 876/1178/879
f 876/1178/879 865/1167/868 864/1166/867
f 888/1191/891 889/1192/892 890/1193/893
f 891/1194/894 889/1192/892 892/1195/895
f 893/1196/896 894/1197/897 895/1190/898
f 852/1189/855 886/1188/889 896/1198/899
f 895/1190/898 894/1197/897 896/1198/899
f 896/1198/899 886/1188/889 895/1190/898
f 897/1198/900 898/1197/901 899/1196/902
f 897/1198/900 899/1196/902 887/1190/890
f 887/1190/890 852/1189/855 897/1198/900
f 891/1194/894 890/1193/893 889/1192/892
f 892/1195/895 882/1199/885 891/1194/894
f 900/1200/903 883/1185/886 882/1184/885
f 901/1201/904 902/1202/905 903/1203/906
f 901/1201/904 903/1203/906 904/1204/907
f 905/1205/908 906/1201/909 907/1204/910
f 905/1205/908 907/1204/910 908/1206/911
f 909/1207/912 910/1208/913 911/1209/914
f 903/1203/906 902/1202/905 909/1207/912
f 911/1209/914 910/1208/913 912/1207/915
f 912/1207/915 905/1205/908 908/1206/911
f 910/1208/913 905/1205/908 912/1207/915
f 910/1208/913 909/1207/912 902/1202/905
